2026-06-12 12:09:08,342 - DEBUG - Using logic: Permissive10X
2026-06-12 12:09:08,416 - INFO - Read 27035 cell barcodes from /research/lab_stary/sequencing_projects/hsct/COUNT/HSCT_7854_transcriptome/filtered_feature_bc_matrix/barcodes.tsv.gz
2026-06-12 12:09:08,417 - DEBUG - Example of barcode: AAACCTGAGACCGGAT and cell_id: velocyto:AAACCTGAGACCGGAT-1
2026-06-12 12:09:08,422 - DEBUG - Peeking into /research/peer/fdeckert/FD20250213HSCT/data/object/velocyto/HSCT_7854_transcriptome/possorted_genome_bam.bam
2026-06-12 12:09:08,442 - WARNING - Not found cell and umi barcode in entry 20 of the bam file
2026-06-12 12:09:08,442 - WARNING - Not found cell and umi barcode in entry 24 of the bam file
2026-06-12 12:09:08,442 - WARNING - Not found cell and umi barcode in entry 27 of the bam file
2026-06-12 12:09:08,442 - WARNING - Not found cell and umi barcode in entry 28 of the bam file
2026-06-12 12:09:08,442 - WARNING - Not found cell and umi barcode in entry 39 of the bam file
2026-06-12 12:09:08,442 - WARNING - Not found cell and umi barcode in entry 41 of the bam file
2026-06-12 12:09:08,442 - WARNING - Not found cell and umi barcode in entry 52 of the bam file
2026-06-12 12:09:08,442 - WARNING - Not found cell and umi barcode in entry 67 of the bam file
2026-06-12 12:09:08,442 - WARNING - Not found cell and umi barcode in entry 85 of the bam file
2026-06-12 12:09:08,442 - WARNING - Not found cell and umi barcode in entry 86 of the bam file
2026-06-12 12:09:08,442 - WARNING - Not found cell and umi barcode in entry 98 of the bam file
2026-06-12 12:09:08,442 - WARNING - Not found cell and umi barcode in entry 101 of the bam file
2026-06-12 12:09:08,442 - WARNING - Not found cell and umi barcode in entry 102 of the bam file
2026-06-12 12:09:08,442 - WARNING - Not found cell and umi barcode in entry 117 of the bam file
2026-06-12 12:09:08,443 - WARNING - Not found cell and umi barcode in entry 138 of the bam file
2026-06-12 12:09:08,443 - WARNING - Not found cell and umi barcode in entry 146 of the bam file
2026-06-12 12:09:08,443 - WARNING - Not found cell and umi barcode in entry 149 of the bam file
2026-06-12 12:09:08,443 - WARNING - Not found cell and umi barcode in entry 151 of the bam file
2026-06-12 12:09:08,443 - WARNING - Not found cell and umi barcode in entry 153 of the bam file
2026-06-12 12:09:08,443 - WARNING - Not found cell and umi barcode in entry 154 of the bam file
2026-06-12 12:09:08,443 - WARNING - Not found cell and umi barcode in entry 155 of the bam file
2026-06-12 12:09:08,443 - WARNING - Not found cell and umi barcode in entry 156 of the bam file
2026-06-12 12:09:08,443 - WARNING - Not found cell and umi barcode in entry 157 of the bam file
2026-06-12 12:09:08,443 - WARNING - Not found cell and umi barcode in entry 160 of the bam file
2026-06-12 12:09:08,443 - WARNING - Not found cell and umi barcode in entry 161 of the bam file
2026-06-12 12:09:08,443 - WARNING - Not found cell and umi barcode in entry 162 of the bam file
2026-06-12 12:09:08,443 - WARNING - Not found cell and umi barcode in entry 165 of the bam file
2026-06-12 12:09:08,443 - WARNING - Not found cell and umi barcode in entry 171 of the bam file
2026-06-12 12:09:08,443 - WARNING - Not found cell and umi barcode in entry 174 of the bam file
2026-06-12 12:09:08,443 - WARNING - Not found cell and umi barcode in entry 181 of the bam file
2026-06-12 12:09:08,443 - WARNING - Not found cell and umi barcode in entry 183 of the bam file
2026-06-12 12:09:08,443 - WARNING - Not found cell and umi barcode in entry 184 of the bam file
2026-06-12 12:09:08,443 - WARNING - Not found cell and umi barcode in entry 188 of the bam file
2026-06-12 12:09:08,443 - WARNING - Not found cell and umi barcode in entry 197 of the bam file
2026-06-12 12:09:08,443 - WARNING - Not found cell and umi barcode in entry 198 of the bam file
2026-06-12 12:09:08,443 - WARNING - Not found cell and umi barcode in entry 199 of the bam file
2026-06-12 12:09:08,443 - WARNING - Not found cell and umi barcode in entry 210 of the bam file
2026-06-12 12:09:08,443 - WARNING - Not found cell and umi barcode in entry 231 of the bam file
2026-06-12 12:09:08,444 - WARNING - Not found cell and umi barcode in entry 256 of the bam file
2026-06-12 12:09:08,444 - WARNING - Not found cell and umi barcode in entry 257 of the bam file
2026-06-12 12:09:08,444 - WARNING - Not found cell and umi barcode in entry 341 of the bam file
2026-06-12 12:09:08,444 - WARNING - Not found cell and umi barcode in entry 347 of the bam file
2026-06-12 12:09:08,444 - WARNING - Not found cell and umi barcode in entry 368 of the bam file
2026-06-12 12:09:08,444 - WARNING - Not found cell and umi barcode in entry 369 of the bam file
2026-06-12 12:09:08,444 - WARNING - Not found cell and umi barcode in entry 374 of the bam file
2026-06-12 12:09:08,445 - WARNING - Not found cell and umi barcode in entry 375 of the bam file
2026-06-12 12:09:08,445 - WARNING - Not found cell and umi barcode in entry 376 of the bam file
2026-06-12 12:09:08,445 - WARNING - Not found cell and umi barcode in entry 382 of the bam file
2026-06-12 12:09:08,445 - WARNING - Not found cell and umi barcode in entry 384 of the bam file
2026-06-12 12:09:08,445 - WARNING - Not found cell and umi barcode in entry 385 of the bam file
2026-06-12 12:09:08,445 - WARNING - Not found cell and umi barcode in entry 409 of the bam file
2026-06-12 12:09:08,445 - WARNING - Not found cell and umi barcode in entry 449 of the bam file
2026-06-12 12:09:08,445 - WARNING - Not found cell and umi barcode in entry 484 of the bam file
2026-06-12 12:09:08,445 - WARNING - Not found cell and umi barcode in entry 488 of the bam file
2026-06-12 12:09:08,445 - WARNING - Not found cell and umi barcode in entry 493 of the bam file
2026-06-12 12:09:08,445 - WARNING - Not found cell and umi barcode in entry 494 of the bam file
2026-06-12 12:09:08,445 - WARNING - Not found cell and umi barcode in entry 495 of the bam file
2026-06-12 12:09:08,445 - WARNING - Not found cell and umi barcode in entry 503 of the bam file
2026-06-12 12:09:08,445 - WARNING - Not found cell and umi barcode in entry 507 of the bam file
2026-06-12 12:09:08,445 - WARNING - Not found cell and umi barcode in entry 508 of the bam file
2026-06-12 12:09:08,445 - WARNING - Not found cell and umi barcode in entry 512 of the bam file
2026-06-12 12:09:08,445 - WARNING - Not found cell and umi barcode in entry 521 of the bam file
2026-06-12 12:09:08,445 - WARNING - Not found cell and umi barcode in entry 526 of the bam file
2026-06-12 12:09:08,445 - WARNING - Not found cell and umi barcode in entry 536 of the bam file
2026-06-12 12:09:08,445 - WARNING - Not found cell and umi barcode in entry 537 of the bam file
2026-06-12 12:09:08,446 - WARNING - Not found cell and umi barcode in entry 540 of the bam file
2026-06-12 12:09:08,446 - WARNING - Not found cell and umi barcode in entry 556 of the bam file
2026-06-12 12:09:08,446 - WARNING - Not found cell and umi barcode in entry 557 of the bam file
2026-06-12 12:09:08,446 - WARNING - Not found cell and umi barcode in entry 560 of the bam file
2026-06-12 12:09:08,446 - WARNING - Not found cell and umi barcode in entry 561 of the bam file
2026-06-12 12:09:08,446 - WARNING - Not found cell and umi barcode in entry 566 of the bam file
2026-06-12 12:09:08,446 - WARNING - Not found cell and umi barcode in entry 567 of the bam file
2026-06-12 12:09:08,446 - WARNING - Not found cell and umi barcode in entry 686 of the bam file
2026-06-12 12:09:08,447 - WARNING - Not found cell and umi barcode in entry 876 of the bam file
2026-06-12 12:09:08,447 - WARNING - Not found cell and umi barcode in entry 893 of the bam file
2026-06-12 12:09:08,447 - WARNING - Not found cell and umi barcode in entry 907 of the bam file
2026-06-12 12:09:08,453 - INFO - Starting the sorting process of /research/peer/fdeckert/FD20250213HSCT/data/object/velocyto/HSCT_7854_transcriptome/possorted_genome_bam.bam the output will be at: /research/peer/fdeckert/FD20250213HSCT/data/object/velocyto/HSCT_7854_transcriptome/cellsorted_possorted_genome_bam.bam
2026-06-12 12:09:08,453 - INFO - Command being run is: samtools sort -l 7 -m 100M -t CB -O BAM -@ 16 -o /research/peer/fdeckert/FD20250213HSCT/data/object/velocyto/HSCT_7854_transcriptome/cellsorted_possorted_genome_bam.bam /research/peer/fdeckert/FD20250213HSCT/data/object/velocyto/HSCT_7854_transcriptome/possorted_genome_bam.bam
2026-06-12 12:09:08,453 - INFO - While the bam sorting happens do other things...
2026-06-12 12:09:08,453 - INFO - Load the annotation from /nobackup/peer/fdeckert/cellranger/GRCh38-2020-A/GRCh38/genes/genes.gtf
2026-06-12 12:09:16,795 - DEBUG - Parsing Chromosome GL000009.2 strand - [line 0]
2026-06-12 12:09:16,796 - DEBUG - Done with GL000009.2- [line 7]
2026-06-12 12:09:16,796 - DEBUG - Assigning indexes to genes
2026-06-12 12:09:16,796 - DEBUG - Seen 1 genes until now
2026-06-12 12:09:16,796 - DEBUG - Parsing Chromosome GL000194.1 strand - [line 8]
2026-06-12 12:09:16,796 - DEBUG - Done with GL000194.1- [line 33]
2026-06-12 12:09:16,796 - DEBUG - Assigning indexes to genes
2026-06-12 12:09:16,796 - DEBUG - Seen 3 genes until now
2026-06-12 12:09:16,796 - DEBUG - Parsing Chromosome GL000195.1 strand - [line 34]
2026-06-12 12:09:16,796 - DEBUG - Done with GL000195.1- [line 43]
2026-06-12 12:09:16,796 - DEBUG - Assigning indexes to genes
2026-06-12 12:09:16,797 - DEBUG - Seen 4 genes until now
2026-06-12 12:09:16,797 - DEBUG - Parsing Chromosome GL000195.1 strand + [line 44]
2026-06-12 12:09:16,797 - DEBUG - Done with GL000195.1+ [line 57]
2026-06-12 12:09:16,797 - DEBUG - Assigning indexes to genes
2026-06-12 12:09:16,797 - DEBUG - Seen 5 genes until now
2026-06-12 12:09:16,797 - DEBUG - Parsing Chromosome GL000205.2 strand - [line 58]
2026-06-12 12:09:16,797 - DEBUG - Done with GL000205.2- [line 71]
2026-06-12 12:09:16,797 - DEBUG - Assigning indexes to genes
2026-06-12 12:09:16,797 - DEBUG - Seen 6 genes until now
2026-06-12 12:09:16,797 - DEBUG - Parsing Chromosome GL000213.1 strand - [line 72]
2026-06-12 12:09:16,797 - DEBUG - Done with GL000213.1- [line 120]
2026-06-12 12:09:16,797 - DEBUG - Assigning indexes to genes
2026-06-12 12:09:16,797 - DEBUG - Seen 7 genes until now
2026-06-12 12:09:16,797 - DEBUG - Parsing Chromosome GL000218.1 strand - [line 121]
2026-06-12 12:09:16,797 - DEBUG - Done with GL000218.1- [line 128]
2026-06-12 12:09:16,797 - DEBUG - Assigning indexes to genes
2026-06-12 12:09:16,797 - DEBUG - Seen 8 genes until now
2026-06-12 12:09:16,797 - DEBUG - Parsing Chromosome GL000219.1 strand - [line 129]
2026-06-12 12:09:16,797 - DEBUG - Done with GL000219.1- [line 141]
2026-06-12 12:09:16,797 - DEBUG - Assigning indexes to genes
2026-06-12 12:09:16,797 - DEBUG - Seen 9 genes until now
2026-06-12 12:09:16,797 - DEBUG - Parsing Chromosome KI270711.1 strand - [line 142]
2026-06-12 12:09:16,798 - DEBUG - Done with KI270711.1- [line 292]
2026-06-12 12:09:16,798 - DEBUG - Assigning indexes to genes
2026-06-12 12:09:16,798 - DEBUG - Seen 10 genes until now
2026-06-12 12:09:16,798 - DEBUG - Parsing Chromosome KI270713.1 strand - [line 293]
2026-06-12 12:09:16,798 - DEBUG - Done with KI270713.1- [line 300]
2026-06-12 12:09:16,798 - DEBUG - Assigning indexes to genes
2026-06-12 12:09:16,798 - DEBUG - Seen 11 genes until now
2026-06-12 12:09:16,798 - DEBUG - Parsing Chromosome KI270713.1 strand + [line 301]
2026-06-12 12:09:16,798 - DEBUG - Done with KI270713.1+ [line 307]
2026-06-12 12:09:16,798 - DEBUG - Assigning indexes to genes
2026-06-12 12:09:16,798 - DEBUG - Seen 12 genes until now
2026-06-12 12:09:16,798 - DEBUG - Parsing Chromosome KI270721.1 strand + [line 308]
2026-06-12 12:09:16,798 - DEBUG - Done with KI270721.1+ [line 323]
2026-06-12 12:09:16,798 - DEBUG - Assigning indexes to genes
2026-06-12 12:09:16,798 - DEBUG - Seen 13 genes until now
2026-06-12 12:09:16,798 - DEBUG - Parsing Chromosome KI270726.1 strand + [line 324]
2026-06-12 12:09:16,799 - DEBUG - Done with KI270726.1+ [line 334]
2026-06-12 12:09:16,799 - DEBUG - Assigning indexes to genes
2026-06-12 12:09:16,799 - DEBUG - Seen 15 genes until now
2026-06-12 12:09:16,799 - DEBUG - Parsing Chromosome KI270727.1 strand - [line 335]
2026-06-12 12:09:16,799 - DEBUG - Done with KI270727.1- [line 394]
2026-06-12 12:09:16,799 - DEBUG - Assigning indexes to genes
2026-06-12 12:09:16,799 - DEBUG - Seen 17 genes until now
2026-06-12 12:09:16,799 - DEBUG - Parsing Chromosome KI270727.1 strand + [line 395]
2026-06-12 12:09:16,799 - DEBUG - Done with KI270727.1+ [line 409]
2026-06-12 12:09:16,799 - DEBUG - Assigning indexes to genes
2026-06-12 12:09:16,799 - DEBUG - Seen 19 genes until now
2026-06-12 12:09:16,799 - DEBUG - Parsing Chromosome KI270728.1 strand - [line 410]
2026-06-12 12:09:16,799 - DEBUG - Done with KI270728.1- [line 486]
2026-06-12 12:09:16,799 - DEBUG - Assigning indexes to genes
2026-06-12 12:09:16,799 - DEBUG - Seen 21 genes until now
2026-06-12 12:09:16,799 - DEBUG - Parsing Chromosome KI270728.1 strand + [line 487]
2026-06-12 12:09:16,800 - DEBUG - Done with KI270728.1+ [line 523]
2026-06-12 12:09:16,800 - DEBUG - Assigning indexes to genes
2026-06-12 12:09:16,800 - DEBUG - Seen 25 genes until now
2026-06-12 12:09:16,800 - DEBUG - Parsing Chromosome KI270731.1 strand - [line 524]
2026-06-12 12:09:16,800 - DEBUG - Done with KI270731.1- [line 530]
2026-06-12 12:09:16,800 - DEBUG - Assigning indexes to genes
2026-06-12 12:09:16,800 - DEBUG - Seen 26 genes until now
2026-06-12 12:09:16,800 - DEBUG - Parsing Chromosome KI270734.1 strand - [line 531]
2026-06-12 12:09:16,800 - DEBUG - Done with KI270734.1- [line 599]
2026-06-12 12:09:16,800 - DEBUG - Assigning indexes to genes
2026-06-12 12:09:16,800 - DEBUG - Seen 27 genes until now
2026-06-12 12:09:16,800 - DEBUG - Parsing Chromosome KI270734.1 strand + [line 600]
2026-06-12 12:09:16,800 - DEBUG - Done with KI270734.1+ [line 622]
2026-06-12 12:09:16,800 - DEBUG - Assigning indexes to genes
2026-06-12 12:09:16,800 - DEBUG - Seen 29 genes until now
2026-06-12 12:09:16,800 - DEBUG - Parsing Chromosome 1 strand - [line 623]
2026-06-12 12:09:17,566 - DEBUG - Done with 1- [line 118876]
2026-06-12 12:09:17,566 - DEBUG - Assigning indexes to genes
2026-06-12 12:09:17,572 - DEBUG - Seen 1711 genes until now
2026-06-12 12:09:17,572 - DEBUG - Parsing Chromosome 1 strand + [line 118877]
2026-06-12 12:09:18,622 - DEBUG - Done with 1+ [line 253796]
2026-06-12 12:09:18,622 - DEBUG - Assigning indexes to genes
2026-06-12 12:09:18,630 - DEBUG - Seen 3439 genes until now
2026-06-12 12:09:18,630 - DEBUG - Parsing Chromosome 10 strand - [line 253797]
2026-06-12 12:09:18,803 - DEBUG - Done with 10- [line 304078]
2026-06-12 12:09:18,803 - DEBUG - Assigning indexes to genes
2026-06-12 12:09:18,807 - DEBUG - Seen 4100 genes until now
2026-06-12 12:09:18,807 - DEBUG - Parsing Chromosome 10 strand + [line 304079]
2026-06-12 12:09:19,009 - DEBUG - Done with 10+ [line 356023]
2026-06-12 12:09:19,009 - DEBUG - Assigning indexes to genes
2026-06-12 12:09:19,011 - DEBUG - Seen 4833 genes until now
2026-06-12 12:09:19,012 - DEBUG - Parsing Chromosome 11 strand - [line 356024]
2026-06-12 12:09:19,647 - DEBUG - Done with 11- [line 438038]
2026-06-12 12:09:19,647 - DEBUG - Assigning indexes to genes
2026-06-12 12:09:19,653 - DEBUG - Seen 5833 genes until now
2026-06-12 12:09:19,654 - DEBUG - Parsing Chromosome 11 strand + [line 438039]
2026-06-12 12:09:19,937 - DEBUG - Done with 11+ [line 521163]
2026-06-12 12:09:19,937 - DEBUG - Assigning indexes to genes
2026-06-12 12:09:19,941 - DEBUG - Seen 6898 genes until now
2026-06-12 12:09:19,941 - DEBUG - Parsing Chromosome 12 strand - [line 521164]
2026-06-12 12:09:20,624 - DEBUG - Done with 12- [line 601582]
2026-06-12 12:09:20,624 - DEBUG - Assigning indexes to genes
2026-06-12 12:09:20,631 - DEBUG - Seen 7848 genes until now
2026-06-12 12:09:20,631 - DEBUG - Parsing Chromosome 12 strand + [line 601583]
2026-06-12 12:09:20,944 - DEBUG - Done with 12+ [line 681983]
2026-06-12 12:09:20,944 - DEBUG - Assigning indexes to genes
2026-06-12 12:09:20,951 - DEBUG - Seen 8826 genes until now
2026-06-12 12:09:20,951 - DEBUG - Parsing Chromosome 13 strand - [line 681984]
2026-06-12 12:09:21,040 - DEBUG - Done with 13- [line 702449]
2026-06-12 12:09:21,040 - DEBUG - Assigning indexes to genes
2026-06-12 12:09:21,042 - DEBUG - Seen 9225 genes until now
2026-06-12 12:09:21,043 - DEBUG - Parsing Chromosome 13 strand + [line 702450]
2026-06-12 12:09:21,147 - DEBUG - Done with 13+ [line 726349]
2026-06-12 12:09:21,147 - DEBUG - Assigning indexes to genes
2026-06-12 12:09:21,150 - DEBUG - Seen 9614 genes until now
2026-06-12 12:09:21,150 - DEBUG - Parsing Chromosome 14 strand - [line 726350]
2026-06-12 12:09:21,736 - DEBUG - Done with 14- [line 770987]
2026-06-12 12:09:21,736 - DEBUG - Assigning indexes to genes
2026-06-12 12:09:21,738 - DEBUG - Seen 10373 genes until now
2026-06-12 12:09:21,738 - DEBUG - Parsing Chromosome 14 strand + [line 770988]
2026-06-12 12:09:21,918 - DEBUG - Done with 14+ [line 822908]
2026-06-12 12:09:21,918 - DEBUG - Assigning indexes to genes
2026-06-12 12:09:21,922 - DEBUG - Seen 11088 genes until now
2026-06-12 12:09:21,922 - DEBUG - Parsing Chromosome 15 strand - [line 822909]
2026-06-12 12:09:22,162 - DEBUG - Done with 15- [line 873715]
2026-06-12 12:09:22,162 - DEBUG - Assigning indexes to genes
2026-06-12 12:09:22,164 - DEBUG - Seen 11734 genes until now
2026-06-12 12:09:22,165 - DEBUG - Parsing Chromosome 15 strand + [line 873716]
2026-06-12 12:09:22,349 - DEBUG - Done with 15+ [line 923824]
2026-06-12 12:09:22,349 - DEBUG - Assigning indexes to genes
2026-06-12 12:09:22,352 - DEBUG - Seen 12355 genes until now
2026-06-12 12:09:22,352 - DEBUG - Parsing Chromosome 16 strand - [line 923825]
2026-06-12 12:09:22,524 - DEBUG - Done with 16- [line 979238]
2026-06-12 12:09:22,524 - DEBUG - Assigning indexes to genes
2026-06-12 12:09:22,527 - DEBUG - Seen 13151 genes until now
2026-06-12 12:09:22,527 - DEBUG - Parsing Chromosome 16 strand + [line 979239]
2026-06-12 12:09:23,332 - DEBUG - Done with 16+ [line 1052152]
2026-06-12 12:09:23,332 - DEBUG - Assigning indexes to genes
2026-06-12 12:09:23,338 - DEBUG - Seen 14004 genes until now
2026-06-12 12:09:23,338 - DEBUG - Parsing Chromosome 17 strand - [line 1052153]
2026-06-12 12:09:23,613 - DEBUG - Done with 17- [line 1140008]
2026-06-12 12:09:23,613 - DEBUG - Assigning indexes to genes
2026-06-12 12:09:23,620 - DEBUG - Seen 15039 genes until now
2026-06-12 12:09:23,620 - DEBUG - Parsing Chromosome 17 strand + [line 1140009]
2026-06-12 12:09:23,858 - DEBUG - Done with 17+ [line 1219447]
2026-06-12 12:09:23,859 - DEBUG - Assigning indexes to genes
2026-06-12 12:09:23,863 - DEBUG - Seen 15996 genes until now
2026-06-12 12:09:23,864 - DEBUG - Parsing Chromosome 18 strand - [line 1219448]
2026-06-12 12:09:23,947 - DEBUG - Done with 18- [line 1246083]
2026-06-12 12:09:23,947 - DEBUG - Assigning indexes to genes
2026-06-12 12:09:23,949 - DEBUG - Seen 16371 genes until now
2026-06-12 12:09:23,949 - DEBUG - Parsing Chromosome 18 strand + [line 1246084]
2026-06-12 12:09:24,043 - DEBUG - Done with 18+ [line 1269821]
2026-06-12 12:09:24,043 - DEBUG - Assigning indexes to genes
2026-06-12 12:09:24,044 - DEBUG - Seen 16777 genes until now
2026-06-12 12:09:24,045 - DEBUG - Parsing Chromosome 19 strand - [line 1269822]
2026-06-12 12:09:24,837 - DEBUG - Done with 19- [line 1350736]
2026-06-12 12:09:24,838 - DEBUG - Assigning indexes to genes
2026-06-12 12:09:24,844 - DEBUG - Seen 17790 genes until now
2026-06-12 12:09:24,844 - DEBUG - Parsing Chromosome 19 strand + [line 1350737]
2026-06-12 12:09:25,108 - DEBUG - Done with 19+ [line 1435648]
2026-06-12 12:09:25,108 - DEBUG - Assigning indexes to genes
2026-06-12 12:09:25,113 - DEBUG - Seen 18804 genes until now
2026-06-12 12:09:25,113 - DEBUG - Parsing Chromosome 2 strand - [line 1435649]
2026-06-12 12:09:25,470 - DEBUG - Done with 2- [line 1542996]
2026-06-12 12:09:25,471 - DEBUG - Assigning indexes to genes
2026-06-12 12:09:25,477 - DEBUG - Seen 20037 genes until now
2026-06-12 12:09:25,477 - DEBUG - Parsing Chromosome 2 strand + [line 1542997]
2026-06-12 12:09:25,803 - DEBUG - Done with 2+ [line 1642863]
2026-06-12 12:09:25,803 - DEBUG - Assigning indexes to genes
2026-06-12 12:09:25,809 - DEBUG - Seen 21345 genes until now
2026-06-12 12:09:25,809 - DEBUG - Parsing Chromosome 20 strand - [line 1642864]
2026-06-12 12:09:25,899 - DEBUG - Done with 20- [line 1672442]
2026-06-12 12:09:25,899 - DEBUG - Assigning indexes to genes
2026-06-12 12:09:25,901 - DEBUG - Seen 21828 genes until now
2026-06-12 12:09:25,901 - DEBUG - Parsing Chromosome 20 strand + [line 1672443]
2026-06-12 12:09:26,010 - DEBUG - Done with 20+ [line 1707817]
2026-06-12 12:09:26,010 - DEBUG - Assigning indexes to genes
2026-06-12 12:09:26,014 - DEBUG - Seen 22309 genes until now
2026-06-12 12:09:26,014 - DEBUG - Parsing Chromosome 21 strand - [line 1707818]
2026-06-12 12:09:26,607 - DEBUG - Done with 21- [line 1722798]
2026-06-12 12:09:26,607 - DEBUG - Assigning indexes to genes
2026-06-12 12:09:26,608 - DEBUG - Seen 22596 genes until now
2026-06-12 12:09:26,608 - DEBUG - Parsing Chromosome 21 strand + [line 1722799]
2026-06-12 12:09:26,659 - DEBUG - Done with 21+ [line 1738981]
2026-06-12 12:09:26,660 - DEBUG - Assigning indexes to genes
2026-06-12 12:09:26,661 - DEBUG - Seen 22864 genes until now
2026-06-12 12:09:26,661 - DEBUG - Parsing Chromosome 22 strand - [line 1738982]
2026-06-12 12:09:26,740 - DEBUG - Done with 22- [line 1765357]
2026-06-12 12:09:26,741 - DEBUG - Assigning indexes to genes
2026-06-12 12:09:26,742 - DEBUG - Seen 23260 genes until now
2026-06-12 12:09:26,742 - DEBUG - Parsing Chromosome 22 strand + [line 1765358]
2026-06-12 12:09:26,841 - DEBUG - Done with 22+ [line 1797598]
2026-06-12 12:09:26,842 - DEBUG - Assigning indexes to genes
2026-06-12 12:09:26,843 - DEBUG - Seen 23765 genes until now
2026-06-12 12:09:26,843 - DEBUG - Parsing Chromosome 3 strand - [line 1797599]
2026-06-12 12:09:27,149 - DEBUG - Done with 3- [line 1887377]
2026-06-12 12:09:27,150 - DEBUG - Assigning indexes to genes
2026-06-12 12:09:27,156 - DEBUG - Seen 24693 genes until now
2026-06-12 12:09:27,156 - DEBUG - Parsing Chromosome 3 strand + [line 1887378]
2026-06-12 12:09:27,417 - DEBUG - Done with 3+ [line 1977011]
2026-06-12 12:09:27,417 - DEBUG - Assigning indexes to genes
2026-06-12 12:09:27,423 - DEBUG - Seen 25658 genes until now
2026-06-12 12:09:27,423 - DEBUG - Parsing Chromosome 4 strand - [line 1977012]
2026-06-12 12:09:27,592 - DEBUG - Done with 4- [line 2034238]
2026-06-12 12:09:27,592 - DEBUG - Assigning indexes to genes
2026-06-12 12:09:27,596 - DEBUG - Seen 26401 genes until now
2026-06-12 12:09:27,596 - DEBUG - Parsing Chromosome 4 strand + [line 2034239]
2026-06-12 12:09:27,770 - DEBUG - Done with 4+ [line 2094594]
2026-06-12 12:09:27,771 - DEBUG - Assigning indexes to genes
2026-06-12 12:09:27,774 - DEBUG - Seen 27191 genes until now
2026-06-12 12:09:27,774 - DEBUG - Parsing Chromosome 5 strand - [line 2094595]
2026-06-12 12:09:28,009 - DEBUG - Done with 5- [line 2152660]
2026-06-12 12:09:28,009 - DEBUG - Assigning indexes to genes
2026-06-12 12:09:28,014 - DEBUG - Seen 28071 genes until now
2026-06-12 12:09:28,015 - DEBUG - Parsing Chromosome 5 strand + [line 2152661]
2026-06-12 12:09:28,864 - DEBUG - Done with 5+ [line 2218657]
2026-06-12 12:09:28,864 - DEBUG - Assigning indexes to genes
2026-06-12 12:09:28,868 - DEBUG - Seen 29002 genes until now
2026-06-12 12:09:28,868 - DEBUG - Parsing Chromosome 6 strand - [line 2218658]
2026-06-12 12:09:29,071 - DEBUG - Done with 6- [line 2284937]
2026-06-12 12:09:29,071 - DEBUG - Assigning indexes to genes
2026-06-12 12:09:29,075 - DEBUG - Seen 29928 genes until now
2026-06-12 12:09:29,075 - DEBUG - Parsing Chromosome 6 strand + [line 2284938]
2026-06-12 12:09:29,259 - DEBUG - Done with 6+ [line 2345240]
2026-06-12 12:09:29,260 - DEBUG - Assigning indexes to genes
2026-06-12 12:09:29,263 - DEBUG - Seen 30829 genes until now
2026-06-12 12:09:29,263 - DEBUG - Parsing Chromosome 7 strand - [line 2345241]
2026-06-12 12:09:29,463 - DEBUG - Done with 7- [line 2406845]
2026-06-12 12:09:29,463 - DEBUG - Assigning indexes to genes
2026-06-12 12:09:29,467 - DEBUG - Seen 31621 genes until now
2026-06-12 12:09:29,467 - DEBUG - Parsing Chromosome 7 strand + [line 2406846]
2026-06-12 12:09:29,681 - DEBUG - Done with 7+ [line 2476014]
2026-06-12 12:09:29,681 - DEBUG - Assigning indexes to genes
2026-06-12 12:09:29,686 - DEBUG - Seen 32515 genes until now
2026-06-12 12:09:29,686 - DEBUG - Parsing Chromosome 8 strand - [line 2476015]
2026-06-12 12:09:29,854 - DEBUG - Done with 8- [line 2527366]
2026-06-12 12:09:29,854 - DEBUG - Assigning indexes to genes
2026-06-12 12:09:29,858 - DEBUG - Seen 33270 genes until now
2026-06-12 12:09:29,858 - DEBUG - Parsing Chromosome 8 strand + [line 2527367]
2026-06-12 12:09:30,023 - DEBUG - Done with 8+ [line 2577021]
2026-06-12 12:09:30,024 - DEBUG - Assigning indexes to genes
2026-06-12 12:09:30,027 - DEBUG - Seen 34010 genes until now
2026-06-12 12:09:30,027 - DEBUG - Parsing Chromosome 9 strand - [line 2577022]
2026-06-12 12:09:30,167 - DEBUG - Done with 9- [line 2622811]
2026-06-12 12:09:30,167 - DEBUG - Assigning indexes to genes
2026-06-12 12:09:30,170 - DEBUG - Seen 34681 genes until now
2026-06-12 12:09:30,170 - DEBUG - Parsing Chromosome 9 strand + [line 2622812]
2026-06-12 12:09:30,328 - DEBUG - Done with 9+ [line 2672374]
2026-06-12 12:09:30,328 - DEBUG - Assigning indexes to genes
2026-06-12 12:09:30,331 - DEBUG - Seen 35329 genes until now
2026-06-12 12:09:30,331 - DEBUG - Parsing Chromosome M strand - [line 2672375]
2026-06-12 12:09:30,331 - DEBUG - Done with M- [line 2672379]
2026-06-12 12:09:30,331 - DEBUG - Assigning indexes to genes
2026-06-12 12:09:30,331 - DEBUG - Seen 35330 genes until now
2026-06-12 12:09:30,331 - DEBUG - Parsing Chromosome M strand + [line 2672380]
2026-06-12 12:09:30,331 - DEBUG - Done with M+ [line 2672445]
2026-06-12 12:09:30,331 - DEBUG - Assigning indexes to genes
2026-06-12 12:09:30,331 - DEBUG - Seen 35342 genes until now
2026-06-12 12:09:30,331 - DEBUG - Parsing Chromosome X strand - [line 2672446]
2026-06-12 12:09:30,463 - DEBUG - Done with X- [line 2716088]
2026-06-12 12:09:30,463 - DEBUG - Assigning indexes to genes
2026-06-12 12:09:30,466 - DEBUG - Seen 35884 genes until now
2026-06-12 12:09:30,466 - DEBUG - Parsing Chromosome X strand + [line 2716089]
2026-06-12 12:09:30,592 - DEBUG - Done with X+ [line 2760500]
2026-06-12 12:09:30,592 - DEBUG - Assigning indexes to genes
2026-06-12 12:09:30,595 - DEBUG - Seen 36490 genes until now
2026-06-12 12:09:30,595 - DEBUG - Parsing Chromosome Y strand - [line 2760501]
2026-06-12 12:09:30,602 - DEBUG - Done with Y- [line 2763031]
2026-06-12 12:09:30,602 - DEBUG - Assigning indexes to genes
2026-06-12 12:09:30,602 - DEBUG - Seen 36543 genes until now
2026-06-12 12:09:30,602 - DEBUG - Parsing Chromosome Y strand + [line 2763032]
2026-06-12 12:09:30,611 - DEBUG - Assigning indexes to genes
2026-06-12 12:09:30,611 - DEBUG - Done with Y+ [line 2765967]
2026-06-12 12:09:30,611 - DEBUG - Fixing corner cases of transcript models containg intron longer than 1000Kbp
2026-06-12 12:09:31,957 - DEBUG - Generated 2411536 features corresponding to 199138 transcript models from /nobackup/peer/fdeckert/cellranger/GRCh38-2020-A/GRCh38/genes/genes.gtf
2026-06-12 12:09:31,984 - INFO - Scan /research/peer/fdeckert/FD20250213HSCT/data/object/velocyto/HSCT_7854_transcriptome/possorted_genome_bam.bam to validate intron intervals
2026-06-12 12:09:33,811 - DEBUG - Reading /research/peer/fdeckert/FD20250213HSCT/data/object/velocyto/HSCT_7854_transcriptome/possorted_genome_bam.bam
2026-06-12 12:09:33,829 - DEBUG - Read first 0 million reads
2026-06-12 12:09:33,829 - DEBUG - Marking up chromosome 1
2026-06-12 12:10:32,033 - DEBUG - Marking up chromosome 10
2026-06-12 12:10:53,191 - DEBUG - Marking up chromosome 11
2026-06-12 12:10:55,653 - DEBUG - Read first 10 million reads
2026-06-12 12:11:49,908 - DEBUG - Marking up chromosome 12
2026-06-12 12:12:33,314 - DEBUG - Marking up chromosome 13
2026-06-12 12:12:35,265 - DEBUG - Read first 20 million reads
2026-06-12 12:12:45,006 - DEBUG - Marking up chromosome 14
2026-06-12 12:13:08,910 - DEBUG - Marking up chromosome 15
2026-06-12 12:13:39,068 - DEBUG - Marking up chromosome 16
2026-06-12 12:14:07,814 - DEBUG - Marking up chromosome 17
2026-06-12 12:14:23,255 - DEBUG - Read first 30 million reads
2026-06-12 12:14:58,408 - DEBUG - Marking up chromosome 18
2026-06-12 12:15:07,903 - DEBUG - Marking up chromosome 19
2026-06-12 12:16:12,017 - DEBUG - Marking up chromosome 2
2026-06-12 12:16:16,020 - DEBUG - Read first 40 million reads
2026-06-12 12:16:52,989 - DEBUG - Marking up chromosome 20
2026-06-12 12:17:05,474 - DEBUG - Marking up chromosome 21
2026-06-12 12:17:11,416 - DEBUG - Read first 50 million reads
2026-06-12 12:17:22,998 - DEBUG - Marking up chromosome 22
2026-06-12 12:17:32,503 - DEBUG - Marking up chromosome 3
2026-06-12 12:17:58,249 - DEBUG - Read first 60 million reads
2026-06-12 12:18:00,382 - DEBUG - Marking up chromosome 4
2026-06-12 12:18:17,276 - DEBUG - Marking up chromosome 5
2026-06-12 12:18:49,390 - DEBUG - Marking up chromosome 6
2026-06-12 12:19:15,292 - DEBUG - Read first 70 million reads
2026-06-12 12:19:31,199 - DEBUG - Marking up chromosome 7
2026-06-12 12:19:56,373 - DEBUG - Marking up chromosome 8
2026-06-12 12:20:13,505 - DEBUG - Marking up chromosome 9
2026-06-12 12:20:30,573 - DEBUG - Read first 80 million reads
2026-06-12 12:20:31,648 - DEBUG - Marking up chromosome MT
2026-06-12 12:20:31,650 - WARNING - The .bam file refers to a chromosome 'MT+' not present in the annotation (.gtf) file
2026-06-12 12:20:31,650 - WARNING - The .bam file refers to a chromosome 'MT-' not present in the annotation (.gtf) file
2026-06-12 12:21:16,012 - DEBUG - Marking up chromosome X
2026-06-12 12:21:31,405 - DEBUG - Read first 90 million reads
2026-06-12 12:21:33,737 - DEBUG - Marking up chromosome Y
2026-06-12 12:21:34,007 - DEBUG - Marking up chromosome KI270728.1
2026-06-12 12:21:34,007 - DEBUG - Marking up chromosome KI270727.1
2026-06-12 12:21:34,008 - DEBUG - Marking up chromosome KI270442.1
2026-06-12 12:21:34,008 - WARNING - The .bam file refers to a chromosome 'KI270442.1+' not present in the annotation (.gtf) file
2026-06-12 12:21:34,009 - WARNING - The .bam file refers to a chromosome 'KI270442.1-' not present in the annotation (.gtf) file
2026-06-12 12:21:34,009 - DEBUG - Marking up chromosome KI270729.1
2026-06-12 12:21:34,010 - WARNING - The .bam file refers to a chromosome 'KI270729.1+' not present in the annotation (.gtf) file
2026-06-12 12:21:34,010 - WARNING - The .bam file refers to a chromosome 'KI270729.1-' not present in the annotation (.gtf) file
2026-06-12 12:21:34,010 - DEBUG - Marking up chromosome GL000225.1
2026-06-12 12:21:34,010 - WARNING - The .bam file refers to a chromosome 'GL000225.1+' not present in the annotation (.gtf) file
2026-06-12 12:21:34,010 - WARNING - The .bam file refers to a chromosome 'GL000225.1-' not present in the annotation (.gtf) file
2026-06-12 12:21:34,010 - DEBUG - Marking up chromosome KI270743.1
2026-06-12 12:21:34,010 - WARNING - The .bam file refers to a chromosome 'KI270743.1+' not present in the annotation (.gtf) file
2026-06-12 12:21:34,010 - WARNING - The .bam file refers to a chromosome 'KI270743.1-' not present in the annotation (.gtf) file
2026-06-12 12:21:34,010 - DEBUG - Marking up chromosome GL000008.2
2026-06-12 12:21:34,010 - WARNING - The .bam file refers to a chromosome 'GL000008.2+' not present in the annotation (.gtf) file
2026-06-12 12:21:34,010 - WARNING - The .bam file refers to a chromosome 'GL000008.2-' not present in the annotation (.gtf) file
2026-06-12 12:21:34,010 - DEBUG - Marking up chromosome GL000009.2
2026-06-12 12:21:34,010 - WARNING - The .bam file refers to a chromosome 'GL000009.2+' not present in the annotation (.gtf) file
2026-06-12 12:21:34,011 - DEBUG - Marking up chromosome KI270747.1
2026-06-12 12:21:34,011 - WARNING - The .bam file refers to a chromosome 'KI270747.1+' not present in the annotation (.gtf) file
2026-06-12 12:21:34,011 - WARNING - The .bam file refers to a chromosome 'KI270747.1-' not present in the annotation (.gtf) file
2026-06-12 12:21:34,011 - DEBUG - Marking up chromosome GL000194.1
2026-06-12 12:21:34,011 - WARNING - The .bam file refers to a chromosome 'GL000194.1+' not present in the annotation (.gtf) file
2026-06-12 12:21:34,016 - DEBUG - Marking up chromosome KI270742.1
2026-06-12 12:21:34,016 - WARNING - The .bam file refers to a chromosome 'KI270742.1+' not present in the annotation (.gtf) file
2026-06-12 12:21:34,016 - WARNING - The .bam file refers to a chromosome 'KI270742.1-' not present in the annotation (.gtf) file
2026-06-12 12:21:34,016 - DEBUG - Marking up chromosome GL000205.2
2026-06-12 12:21:34,016 - WARNING - The .bam file refers to a chromosome 'GL000205.2+' not present in the annotation (.gtf) file
2026-06-12 12:21:34,020 - DEBUG - Marking up chromosome GL000195.1
2026-06-12 12:21:34,021 - DEBUG - Marking up chromosome KI270736.1
2026-06-12 12:21:34,021 - WARNING - The .bam file refers to a chromosome 'KI270736.1+' not present in the annotation (.gtf) file
2026-06-12 12:21:34,021 - WARNING - The .bam file refers to a chromosome 'KI270736.1-' not present in the annotation (.gtf) file
2026-06-12 12:21:34,021 - DEBUG - Marking up chromosome KI270733.1
2026-06-12 12:21:34,021 - WARNING - The .bam file refers to a chromosome 'KI270733.1+' not present in the annotation (.gtf) file
2026-06-12 12:21:34,021 - WARNING - The .bam file refers to a chromosome 'KI270733.1-' not present in the annotation (.gtf) file
2026-06-12 12:21:42,503 - DEBUG - Marking up chromosome GL000224.1
2026-06-12 12:21:42,503 - WARNING - The .bam file refers to a chromosome 'GL000224.1+' not present in the annotation (.gtf) file
2026-06-12 12:21:42,503 - WARNING - The .bam file refers to a chromosome 'GL000224.1-' not present in the annotation (.gtf) file
2026-06-12 12:21:42,504 - DEBUG - Marking up chromosome GL000219.1
2026-06-12 12:21:42,504 - WARNING - The .bam file refers to a chromosome 'GL000219.1+' not present in the annotation (.gtf) file
2026-06-12 12:21:42,521 - DEBUG - Marking up chromosome KI270719.1
2026-06-12 12:21:42,521 - WARNING - The .bam file refers to a chromosome 'KI270719.1+' not present in the annotation (.gtf) file
2026-06-12 12:21:42,521 - WARNING - The .bam file refers to a chromosome 'KI270719.1-' not present in the annotation (.gtf) file
2026-06-12 12:21:42,521 - DEBUG - Marking up chromosome GL000216.2
2026-06-12 12:21:42,522 - WARNING - The .bam file refers to a chromosome 'GL000216.2+' not present in the annotation (.gtf) file
2026-06-12 12:21:42,522 - WARNING - The .bam file refers to a chromosome 'GL000216.2-' not present in the annotation (.gtf) file
2026-06-12 12:21:42,522 - DEBUG - Marking up chromosome KI270712.1
2026-06-12 12:21:42,522 - WARNING - The .bam file refers to a chromosome 'KI270712.1+' not present in the annotation (.gtf) file
2026-06-12 12:21:42,522 - WARNING - The .bam file refers to a chromosome 'KI270712.1-' not present in the annotation (.gtf) file
2026-06-12 12:21:42,522 - DEBUG - Marking up chromosome KI270706.1
2026-06-12 12:21:42,522 - WARNING - The .bam file refers to a chromosome 'KI270706.1+' not present in the annotation (.gtf) file
2026-06-12 12:21:42,523 - WARNING - The .bam file refers to a chromosome 'KI270706.1-' not present in the annotation (.gtf) file
2026-06-12 12:21:42,524 - DEBUG - Marking up chromosome KI270744.1
2026-06-12 12:21:42,524 - WARNING - The .bam file refers to a chromosome 'KI270744.1+' not present in the annotation (.gtf) file
2026-06-12 12:21:42,524 - WARNING - The .bam file refers to a chromosome 'KI270744.1-' not present in the annotation (.gtf) file
2026-06-12 12:21:42,525 - DEBUG - Marking up chromosome KI270734.1
2026-06-12 12:21:42,527 - DEBUG - Marking up chromosome GL000213.1
2026-06-12 12:21:42,527 - WARNING - The .bam file refers to a chromosome 'GL000213.1+' not present in the annotation (.gtf) file
2026-06-12 12:21:42,527 - DEBUG - Marking up chromosome GL000220.1
2026-06-12 12:21:42,527 - WARNING - The .bam file refers to a chromosome 'GL000220.1+' not present in the annotation (.gtf) file
2026-06-12 12:21:42,527 - WARNING - The .bam file refers to a chromosome 'GL000220.1-' not present in the annotation (.gtf) file
2026-06-12 12:21:47,521 - DEBUG - Read first 100 million reads
2026-06-12 12:21:50,794 - DEBUG - Marking up chromosome GL000218.1
2026-06-12 12:21:50,794 - WARNING - The .bam file refers to a chromosome 'GL000218.1+' not present in the annotation (.gtf) file
2026-06-12 12:21:50,796 - DEBUG - Marking up chromosome KI270749.1
2026-06-12 12:21:50,796 - WARNING - The .bam file refers to a chromosome 'KI270749.1+' not present in the annotation (.gtf) file
2026-06-12 12:21:50,796 - WARNING - The .bam file refers to a chromosome 'KI270749.1-' not present in the annotation (.gtf) file
2026-06-12 12:21:50,797 - DEBUG - Marking up chromosome GL000221.1
2026-06-12 12:21:50,797 - WARNING - The .bam file refers to a chromosome 'GL000221.1+' not present in the annotation (.gtf) file
2026-06-12 12:21:50,797 - WARNING - The .bam file refers to a chromosome 'GL000221.1-' not present in the annotation (.gtf) file
2026-06-12 12:21:50,797 - DEBUG - Marking up chromosome KI270731.1
2026-06-12 12:21:50,797 - WARNING - The .bam file refers to a chromosome 'KI270731.1+' not present in the annotation (.gtf) file
2026-06-12 12:21:50,797 - DEBUG - Marking up chromosome KI270751.1
2026-06-12 12:21:50,797 - WARNING - The .bam file refers to a chromosome 'KI270751.1+' not present in the annotation (.gtf) file
2026-06-12 12:21:50,797 - WARNING - The .bam file refers to a chromosome 'KI270751.1-' not present in the annotation (.gtf) file
2026-06-12 12:21:50,797 - DEBUG - Marking up chromosome KI270750.1
2026-06-12 12:21:50,797 - WARNING - The .bam file refers to a chromosome 'KI270750.1+' not present in the annotation (.gtf) file
2026-06-12 12:21:50,798 - WARNING - The .bam file refers to a chromosome 'KI270750.1-' not present in the annotation (.gtf) file
2026-06-12 12:21:50,798 - DEBUG - Marking up chromosome GL000214.1
2026-06-12 12:21:50,798 - WARNING - The .bam file refers to a chromosome 'GL000214.1+' not present in the annotation (.gtf) file
2026-06-12 12:21:50,798 - WARNING - The .bam file refers to a chromosome 'GL000214.1-' not present in the annotation (.gtf) file
2026-06-12 12:21:50,798 - DEBUG - Marking up chromosome KI270438.1
2026-06-12 12:21:50,798 - WARNING - The .bam file refers to a chromosome 'KI270438.1+' not present in the annotation (.gtf) file
2026-06-12 12:21:50,798 - WARNING - The .bam file refers to a chromosome 'KI270438.1-' not present in the annotation (.gtf) file
2026-06-12 12:21:50,798 - DEBUG - Marking up chromosome KI270721.1
2026-06-12 12:21:50,798 - WARNING - The .bam file refers to a chromosome 'KI270721.1-' not present in the annotation (.gtf) file
2026-06-12 12:21:50,806 - DEBUG - Marking up chromosome KI270738.1
2026-06-12 12:21:50,806 - WARNING - The .bam file refers to a chromosome 'KI270738.1+' not present in the annotation (.gtf) file
2026-06-12 12:21:50,806 - WARNING - The .bam file refers to a chromosome 'KI270738.1-' not present in the annotation (.gtf) file
2026-06-12 12:21:50,806 - DEBUG - Marking up chromosome GL000208.1
2026-06-12 12:21:50,806 - WARNING - The .bam file refers to a chromosome 'GL000208.1+' not present in the annotation (.gtf) file
2026-06-12 12:21:50,806 - WARNING - The .bam file refers to a chromosome 'GL000208.1-' not present in the annotation (.gtf) file
2026-06-12 12:21:50,806 - DEBUG - Marking up chromosome KI270739.1
2026-06-12 12:21:50,806 - WARNING - The .bam file refers to a chromosome 'KI270739.1+' not present in the annotation (.gtf) file
2026-06-12 12:21:50,806 - WARNING - The .bam file refers to a chromosome 'KI270739.1-' not present in the annotation (.gtf) file
2026-06-12 12:21:50,807 - DEBUG - Marking up chromosome KI270726.1
2026-06-12 12:21:50,807 - WARNING - The .bam file refers to a chromosome 'KI270726.1-' not present in the annotation (.gtf) file
2026-06-12 12:21:50,819 - DEBUG - Marking up chromosome KI270711.1
2026-06-12 12:21:50,819 - WARNING - The .bam file refers to a chromosome 'KI270711.1+' not present in the annotation (.gtf) file
2026-06-12 12:21:50,821 - DEBUG - Marking up chromosome KI270745.1
2026-06-12 12:21:50,821 - WARNING - The .bam file refers to a chromosome 'KI270745.1+' not present in the annotation (.gtf) file
2026-06-12 12:21:50,821 - WARNING - The .bam file refers to a chromosome 'KI270745.1-' not present in the annotation (.gtf) file
2026-06-12 12:21:50,822 - DEBUG - Marking up chromosome KI270714.1
2026-06-12 12:21:50,822 - WARNING - The .bam file refers to a chromosome 'KI270714.1+' not present in the annotation (.gtf) file
2026-06-12 12:21:50,822 - WARNING - The .bam file refers to a chromosome 'KI270714.1-' not present in the annotation (.gtf) file
2026-06-12 12:21:50,823 - DEBUG - Marking up chromosome KI270713.1
2026-06-12 12:21:50,823 - DEBUG - Marking up chromosome KI270717.1
2026-06-12 12:21:50,823 - WARNING - The .bam file refers to a chromosome 'KI270717.1+' not present in the annotation (.gtf) file
2026-06-12 12:21:50,823 - WARNING - The .bam file refers to a chromosome 'KI270717.1-' not present in the annotation (.gtf) file
2026-06-12 12:21:50,823 - DEBUG - Marking up chromosome KI270724.1
2026-06-12 12:21:50,823 - WARNING - The .bam file refers to a chromosome 'KI270724.1+' not present in the annotation (.gtf) file
2026-06-12 12:21:50,823 - WARNING - The .bam file refers to a chromosome 'KI270724.1-' not present in the annotation (.gtf) file
2026-06-12 12:21:50,823 - DEBUG - Marking up chromosome KI270720.1
2026-06-12 12:21:50,824 - WARNING - The .bam file refers to a chromosome 'KI270720.1+' not present in the annotation (.gtf) file
2026-06-12 12:21:50,824 - WARNING - The .bam file refers to a chromosome 'KI270720.1-' not present in the annotation (.gtf) file
2026-06-12 12:21:50,824 - DEBUG - Marking up chromosome KI270718.1
2026-06-12 12:21:50,824 - WARNING - The .bam file refers to a chromosome 'KI270718.1+' not present in the annotation (.gtf) file
2026-06-12 12:21:50,824 - WARNING - The .bam file refers to a chromosome 'KI270718.1-' not present in the annotation (.gtf) file
2026-06-12 12:21:50,824 - DEBUG - Marking up chromosome KI270707.1
2026-06-12 12:21:50,824 - WARNING - The .bam file refers to a chromosome 'KI270707.1+' not present in the annotation (.gtf) file
2026-06-12 12:21:50,824 - WARNING - The .bam file refers to a chromosome 'KI270707.1-' not present in the annotation (.gtf) file
2026-06-12 12:21:50,824 - DEBUG - Marking up chromosome KI270448.1
2026-06-12 12:21:50,824 - WARNING - The .bam file refers to a chromosome 'KI270448.1+' not present in the annotation (.gtf) file
2026-06-12 12:21:50,824 - WARNING - The .bam file refers to a chromosome 'KI270448.1-' not present in the annotation (.gtf) file
2026-06-12 12:21:50,824 - DEBUG - Marking up chromosome KI270467.1
2026-06-12 12:21:50,825 - WARNING - The .bam file refers to a chromosome 'KI270467.1+' not present in the annotation (.gtf) file
2026-06-12 12:21:50,825 - WARNING - The .bam file refers to a chromosome 'KI270467.1-' not present in the annotation (.gtf) file
2026-06-12 12:21:50,825 - DEBUG - Marking up chromosome KI270330.1
2026-06-12 12:21:50,825 - WARNING - The .bam file refers to a chromosome 'KI270330.1+' not present in the annotation (.gtf) file
2026-06-12 12:21:50,825 - WARNING - The .bam file refers to a chromosome 'KI270330.1-' not present in the annotation (.gtf) file
2026-06-12 12:21:58,588 - DEBUG - Read first 110 million reads
2026-06-12 12:22:08,791 - DEBUG - Read first 120 million reads
2026-06-12 12:22:19,053 - DEBUG - Read first 130 million reads
2026-06-12 12:22:23,012 - DEBUG - End of file. Reset index: start scanning from initial position.
2026-06-12 12:22:23,013 - DEBUG - 6017748 reads were skipped because no apropiate cell or umi barcode was found
2026-06-12 12:22:23,014 - INFO - Now just waiting that the bam sorting process terminates
2026-06-12 12:22:23,015 - INFO - bam file #0 has been sorted
2026-06-12 12:22:23,015 - DEBUG - Start molecule counting!
2026-06-12 12:22:24,994 - DEBUG - Features available for chromosomes : ['GL000009.2-', 'GL000194.1-', 'GL000195.1-', 'GL000195.1+', 'GL000205.2-', 'GL000213.1-', 'GL000218.1-', 'GL000219.1-', 'KI270711.1-', 'KI270713.1-', 'KI270713.1+', 'KI270721.1+', 'KI270726.1+', 'KI270727.1-', 'KI270727.1+', 'KI270728.1-', 'KI270728.1+', 'KI270731.1-', 'KI270734.1-', 'KI270734.1+', '1-', '1+', '10-', '10+', '11-', '11+', '12-', '12+', '13-', '13+', '14-', '14+', '15-', '15+', '16-', '16+', '17-', '17+', '18-', '18+', '19-', '19+', '2-', '2+', '20-', '20+', '21-', '21+', '22-', '22+', '3-', '3+', '4-', '4+', '5-', '5+', '6-', '6+', '7-', '7+', '8-', '8+', '9-', '9+', 'M-', 'M+', 'X-', 'X+', 'Y-', 'Y+']
2026-06-12 12:22:24,994 - DEBUG - Mask available for chromosomes : []
2026-06-12 12:22:24,994 - DEBUG - Summarizing the results of intron validation.
2026-06-12 12:22:25,314 - DEBUG - Validated 234005 introns (of which unique intervals 77089) out of 1106199 total possible introns (considering each possible transcript models).
2026-06-12 12:22:25,316 - DEBUG - Reading /research/peer/fdeckert/FD20250213HSCT/data/object/velocyto/HSCT_7854_transcriptome/cellsorted_possorted_genome_bam.bam
2026-06-12 12:22:25,356 - DEBUG - Read first 0 million reads
2026-06-12 12:22:58,881 - DEBUG - Read first 10 million reads
2026-06-12 12:23:07,974 - DEBUG - Counting for batch 1, containing 100 cells and 233695 reads
2026-06-12 12:23:09,701 - DEBUG - 0 reads not considered because fully enclosed in repeat masked regions
2026-06-12 12:23:12,986 - DEBUG - Counting for batch 2, containing 100 cells and 195862 reads
2026-06-12 12:23:14,437 - DEBUG - 0 reads not considered because fully enclosed in repeat masked regions
2026-06-12 12:23:17,889 - DEBUG - Counting for batch 3, containing 100 cells and 221749 reads
2026-06-12 12:23:19,461 - DEBUG - 0 reads not considered because fully enclosed in repeat masked regions
2026-06-12 12:23:22,962 - DEBUG - Counting for batch 4, containing 100 cells and 228654 reads
2026-06-12 12:23:24,794 - DEBUG - 0 reads not considered because fully enclosed in repeat masked regions
2026-06-12 12:23:28,420 - DEBUG - Counting for batch 5, containing 100 cells and 229343 reads
2026-06-12 12:23:30,103 - DEBUG - 0 reads not considered because fully enclosed in repeat masked regions
2026-06-12 12:23:33,403 - DEBUG - Counting for batch 6, containing 100 cells and 195171 reads
2026-06-12 12:23:34,889 - DEBUG - 0 reads not considered because fully enclosed in repeat masked regions
2026-06-12 12:23:37,275 - DEBUG - Counting for batch 7, containing 100 cells and 193475 reads
2026-06-12 12:23:39,639 - DEBUG - 0 reads not considered because fully enclosed in repeat masked regions
2026-06-12 12:23:42,577 - DEBUG - Counting for batch 8, containing 100 cells and 238189 reads
2026-06-12 12:23:45,224 - DEBUG - 0 reads not considered because fully enclosed in repeat masked regions
2026-06-12 12:23:47,715 - DEBUG - Counting for batch 9, containing 100 cells and 189549 reads
2026-06-12 12:23:50,099 - DEBUG - 0 reads not considered because fully enclosed in repeat masked regions
2026-06-12 12:23:53,015 - DEBUG - Counting for batch 10, containing 100 cells and 238732 reads
2026-06-12 12:23:54,760 - DEBUG - 0 reads not considered because fully enclosed in repeat masked regions
2026-06-12 12:23:58,090 - DEBUG - Counting for batch 11, containing 100 cells and 194841 reads
2026-06-12 12:23:59,515 - DEBUG - 0 reads not considered because fully enclosed in repeat masked regions
2026-06-12 12:24:02,867 - DEBUG - Counting for batch 12, containing 100 cells and 209287 reads
2026-06-12 12:24:04,412 - DEBUG - 0 reads not considered because fully enclosed in repeat masked regions
2026-06-12 12:24:05,671 - DEBUG - Read first 20 million reads
2026-06-12 12:24:06,736 - DEBUG - Counting for batch 13, containing 100 cells and 182548 reads
2026-06-12 12:24:08,942 - DEBUG - 0 reads not considered because fully enclosed in repeat masked regions
2026-06-12 12:24:11,627 - DEBUG - Counting for batch 14, containing 100 cells and 218568 reads
2026-06-12 12:24:14,143 - DEBUG - 0 reads not considered because fully enclosed in repeat masked regions
2026-06-12 12:24:16,769 - DEBUG - Counting for batch 15, containing 100 cells and 201590 reads
2026-06-12 12:24:18,397 - DEBUG - 0 reads not considered because fully enclosed in repeat masked regions
2026-06-12 12:24:21,564 - DEBUG - Counting for batch 16, containing 100 cells and 197501 reads
2026-06-12 12:24:23,141 - DEBUG - 0 reads not considered because fully enclosed in repeat masked regions
2026-06-12 12:24:26,891 - DEBUG - Counting for batch 17, containing 100 cells and 237727 reads
2026-06-12 12:24:28,681 - DEBUG - 0 reads not considered because fully enclosed in repeat masked regions
2026-06-12 12:24:32,075 - DEBUG - Counting for batch 18, containing 100 cells and 219849 reads
2026-06-12 12:24:33,798 - DEBUG - 0 reads not considered because fully enclosed in repeat masked regions
2026-06-12 12:24:37,233 - DEBUG - Counting for batch 19, containing 100 cells and 213977 reads
2026-06-12 12:24:38,921 - DEBUG - 0 reads not considered because fully enclosed in repeat masked regions
2026-06-12 12:24:42,366 - DEBUG - Counting for batch 20, containing 100 cells and 208598 reads
2026-06-12 12:24:43,988 - DEBUG - 0 reads not considered because fully enclosed in repeat masked regions
2026-06-12 12:24:47,085 - DEBUG - Counting for batch 21, containing 100 cells and 179909 reads
2026-06-12 12:24:48,526 - DEBUG - 0 reads not considered because fully enclosed in repeat masked regions
2026-06-12 12:24:51,780 - DEBUG - Counting for batch 22, containing 100 cells and 188910 reads
2026-06-12 12:24:53,264 - DEBUG - 0 reads not considered because fully enclosed in repeat masked regions
2026-06-12 12:24:55,907 - DEBUG - Counting for batch 23, containing 100 cells and 219444 reads
2026-06-12 12:24:58,371 - DEBUG - 0 reads not considered because fully enclosed in repeat masked regions
2026-06-12 12:25:00,707 - DEBUG - Counting for batch 24, containing 100 cells and 186322 reads
2026-06-12 12:25:02,182 - DEBUG - 0 reads not considered because fully enclosed in repeat masked regions
2026-06-12 12:25:05,338 - DEBUG - Counting for batch 25, containing 100 cells and 199064 reads
2026-06-12 12:25:06,872 - DEBUG - 0 reads not considered because fully enclosed in repeat masked regions
2026-06-12 12:25:09,946 - DEBUG - Counting for batch 26, containing 100 cells and 179208 reads
2026-06-12 12:25:11,356 - DEBUG - 0 reads not considered because fully enclosed in repeat masked regions
2026-06-12 12:25:14,784 - DEBUG - Counting for batch 27, containing 100 cells and 219025 reads
2026-06-12 12:25:16,475 - DEBUG - 0 reads not considered because fully enclosed in repeat masked regions
2026-06-12 12:25:19,970 - DEBUG - Counting for batch 28, containing 100 cells and 201885 reads
2026-06-12 12:25:21,554 - DEBUG - 0 reads not considered because fully enclosed in repeat masked regions
2026-06-12 12:25:24,693 - DEBUG - Counting for batch 29, containing 100 cells and 264916 reads
2026-06-12 12:25:27,568 - DEBUG - 0 reads not considered because fully enclosed in repeat masked regions
2026-06-12 12:25:30,152 - DEBUG - Counting for batch 30, containing 100 cells and 205159 reads
2026-06-12 12:25:32,546 - DEBUG - 0 reads not considered because fully enclosed in repeat masked regions
2026-06-12 12:25:34,903 - DEBUG - Counting for batch 31, containing 100 cells and 191168 reads
2026-06-12 12:25:37,399 - DEBUG - 0 reads not considered because fully enclosed in repeat masked regions
2026-06-12 12:25:40,125 - DEBUG - Counting for batch 32, containing 100 cells and 218674 reads
2026-06-12 12:25:42,775 - DEBUG - 0 reads not considered because fully enclosed in repeat masked regions
2026-06-12 12:25:45,495 - DEBUG - Counting for batch 33, containing 100 cells and 204115 reads
2026-06-12 12:25:47,165 - DEBUG - 0 reads not considered because fully enclosed in repeat masked regions
2026-06-12 12:25:50,777 - DEBUG - Counting for batch 34, containing 100 cells and 233294 reads
2026-06-12 12:25:52,479 - DEBUG - 0 reads not considered because fully enclosed in repeat masked regions
2026-06-12 12:25:55,552 - DEBUG - Counting for batch 35, containing 100 cells and 171555 reads
2026-06-12 12:25:56,913 - DEBUG - 0 reads not considered because fully enclosed in repeat masked regions
2026-06-12 12:25:57,317 - DEBUG - Read first 30 million reads
2026-06-12 12:26:00,075 - DEBUG - Counting for batch 36, containing 100 cells and 190796 reads
2026-06-12 12:26:01,533 - DEBUG - 0 reads not considered because fully enclosed in repeat masked regions
2026-06-12 12:26:04,274 - DEBUG - Counting for batch 37, containing 100 cells and 236662 reads
2026-06-12 12:26:06,865 - DEBUG - 0 reads not considered because fully enclosed in repeat masked regions
2026-06-12 12:26:09,473 - DEBUG - Counting for batch 38, containing 100 cells and 209249 reads
2026-06-12 12:26:11,953 - DEBUG - 0 reads not considered because fully enclosed in repeat masked regions
2026-06-12 12:26:14,426 - DEBUG - Counting for batch 39, containing 100 cells and 200971 reads
2026-06-12 12:26:15,993 - DEBUG - 0 reads not considered because fully enclosed in repeat masked regions
2026-06-12 12:26:19,253 - DEBUG - Counting for batch 40, containing 100 cells and 190142 reads
2026-06-12 12:26:20,790 - DEBUG - 0 reads not considered because fully enclosed in repeat masked regions
2026-06-12 12:26:24,396 - DEBUG - Counting for batch 41, containing 100 cells and 227016 reads
2026-06-12 12:26:26,302 - DEBUG - 0 reads not considered because fully enclosed in repeat masked regions
2026-06-12 12:26:29,992 - DEBUG - Counting for batch 42, containing 100 cells and 225025 reads
2026-06-12 12:26:31,682 - DEBUG - 0 reads not considered because fully enclosed in repeat masked regions
2026-06-12 12:26:35,067 - DEBUG - Counting for batch 43, containing 100 cells and 203590 reads
2026-06-12 12:26:36,621 - DEBUG - 0 reads not considered because fully enclosed in repeat masked regions
2026-06-12 12:26:39,243 - DEBUG - Counting for batch 44, containing 100 cells and 213490 reads
2026-06-12 12:26:41,692 - DEBUG - 0 reads not considered because fully enclosed in repeat masked regions
2026-06-12 12:26:44,127 - DEBUG - Counting for batch 45, containing 100 cells and 189576 reads
2026-06-12 12:26:45,636 - DEBUG - 0 reads not considered because fully enclosed in repeat masked regions
2026-06-12 12:26:49,085 - DEBUG - Counting for batch 46, containing 100 cells and 231949 reads
2026-06-12 12:26:51,746 - DEBUG - 0 reads not considered because fully enclosed in repeat masked regions
2026-06-12 12:26:54,354 - DEBUG - Counting for batch 47, containing 100 cells and 195146 reads
2026-06-12 12:26:55,886 - DEBUG - 0 reads not considered because fully enclosed in repeat masked regions
2026-06-12 12:26:58,997 - DEBUG - Counting for batch 48, containing 100 cells and 192357 reads
2026-06-12 12:27:00,455 - DEBUG - 0 reads not considered because fully enclosed in repeat masked regions
2026-06-12 12:27:03,184 - DEBUG - Counting for batch 49, containing 100 cells and 230224 reads
2026-06-12 12:27:05,662 - DEBUG - 0 reads not considered because fully enclosed in repeat masked regions
2026-06-12 12:27:08,640 - DEBUG - Counting for batch 50, containing 100 cells and 247541 reads
2026-06-12 12:27:11,324 - DEBUG - 0 reads not considered because fully enclosed in repeat masked regions
2026-06-12 12:27:13,809 - DEBUG - Counting for batch 51, containing 100 cells and 193184 reads
2026-06-12 12:27:15,275 - DEBUG - 0 reads not considered because fully enclosed in repeat masked regions
2026-06-12 12:27:18,533 - DEBUG - Counting for batch 52, containing 100 cells and 202778 reads
2026-06-12 12:27:20,184 - DEBUG - 0 reads not considered because fully enclosed in repeat masked regions
2026-06-12 12:27:23,628 - DEBUG - Counting for batch 53, containing 100 cells and 206616 reads
2026-06-12 12:27:25,399 - DEBUG - 0 reads not considered because fully enclosed in repeat masked regions
2026-06-12 12:27:28,804 - DEBUG - Counting for batch 54, containing 100 cells and 194353 reads
2026-06-12 12:27:30,350 - DEBUG - 0 reads not considered because fully enclosed in repeat masked regions
2026-06-12 12:27:32,658 - DEBUG - Counting for batch 55, containing 100 cells and 184845 reads
2026-06-12 12:27:35,085 - DEBUG - 0 reads not considered because fully enclosed in repeat masked regions
2026-06-12 12:27:37,662 - DEBUG - Counting for batch 56, containing 100 cells and 207421 reads
2026-06-12 12:27:40,160 - DEBUG - 0 reads not considered because fully enclosed in repeat masked regions
2026-06-12 12:27:42,494 - DEBUG - Counting for batch 57, containing 100 cells and 179820 reads
2026-06-12 12:27:43,928 - DEBUG - 0 reads not considered because fully enclosed in repeat masked regions
2026-06-12 12:27:47,095 - DEBUG - Counting for batch 58, containing 100 cells and 186240 reads
2026-06-12 12:27:48,591 - DEBUG - 0 reads not considered because fully enclosed in repeat masked regions
2026-06-12 12:27:49,266 - DEBUG - Read first 40 million reads
2026-06-12 12:27:51,030 - DEBUG - Counting for batch 59, containing 100 cells and 196803 reads
2026-06-12 12:27:53,470 - DEBUG - 0 reads not considered because fully enclosed in repeat masked regions
2026-06-12 12:27:56,160 - DEBUG - Counting for batch 60, containing 100 cells and 206883 reads
2026-06-12 12:27:58,642 - DEBUG - 0 reads not considered because fully enclosed in repeat masked regions
2026-06-12 12:28:01,068 - DEBUG - Counting for batch 61, containing 100 cells and 192109 reads
2026-06-12 12:28:02,705 - DEBUG - 0 reads not considered because fully enclosed in repeat masked regions
2026-06-12 12:28:06,125 - DEBUG - Counting for batch 62, containing 100 cells and 204641 reads
2026-06-12 12:28:07,768 - DEBUG - 0 reads not considered because fully enclosed in repeat masked regions
2026-06-12 12:28:11,536 - DEBUG - Counting for batch 63, containing 100 cells and 240870 reads
2026-06-12 12:28:13,353 - DEBUG - 0 reads not considered because fully enclosed in repeat masked regions
2026-06-12 12:28:16,821 - DEBUG - Counting for batch 64, containing 100 cells and 227591 reads
2026-06-12 12:28:18,559 - DEBUG - 0 reads not considered because fully enclosed in repeat masked regions
2026-06-12 12:28:21,983 - DEBUG - Counting for batch 65, containing 100 cells and 212829 reads
2026-06-12 12:28:23,657 - DEBUG - 0 reads not considered because fully enclosed in repeat masked regions
2026-06-12 12:28:27,015 - DEBUG - Counting for batch 66, containing 100 cells and 197128 reads
2026-06-12 12:28:28,652 - DEBUG - 0 reads not considered because fully enclosed in repeat masked regions
2026-06-12 12:28:32,128 - DEBUG - Counting for batch 67, containing 100 cells and 213354 reads
2026-06-12 12:28:33,949 - DEBUG - 0 reads not considered because fully enclosed in repeat masked regions
2026-06-12 12:28:37,512 - DEBUG - Counting for batch 68, containing 100 cells and 212882 reads
2026-06-12 12:28:39,152 - DEBUG - 0 reads not considered because fully enclosed in repeat masked regions
2026-06-12 12:28:41,910 - DEBUG - Counting for batch 69, containing 100 cells and 215233 reads
2026-06-12 12:28:44,495 - DEBUG - 0 reads not considered because fully enclosed in repeat masked regions
2026-06-12 12:28:47,195 - DEBUG - Counting for batch 70, containing 100 cells and 212881 reads
2026-06-12 12:28:49,743 - DEBUG - 0 reads not considered because fully enclosed in repeat masked regions
2026-06-12 12:28:52,338 - DEBUG - Counting for batch 71, containing 100 cells and 196675 reads
2026-06-12 12:28:54,882 - DEBUG - 0 reads not considered because fully enclosed in repeat masked regions
2026-06-12 12:28:57,698 - DEBUG - Counting for batch 72, containing 100 cells and 231094 reads
2026-06-12 12:29:00,411 - DEBUG - 0 reads not considered because fully enclosed in repeat masked regions
2026-06-12 12:29:03,129 - DEBUG - Counting for batch 73, containing 100 cells and 219142 reads
2026-06-12 12:29:05,659 - DEBUG - 0 reads not considered because fully enclosed in repeat masked regions
2026-06-12 12:29:08,107 - DEBUG - Counting for batch 74, containing 100 cells and 198864 reads
2026-06-12 12:29:09,700 - DEBUG - 0 reads not considered because fully enclosed in repeat masked regions
2026-06-12 12:29:13,141 - DEBUG - Counting for batch 75, containing 100 cells and 221292 reads
2026-06-12 12:29:14,825 - DEBUG - 0 reads not considered because fully enclosed in repeat masked regions
2026-06-12 12:29:18,294 - DEBUG - Counting for batch 76, containing 100 cells and 207022 reads
2026-06-12 12:29:19,931 - DEBUG - 0 reads not considered because fully enclosed in repeat masked regions
2026-06-12 12:29:23,647 - DEBUG - Counting for batch 77, containing 100 cells and 241857 reads
2026-06-12 12:29:25,518 - DEBUG - 0 reads not considered because fully enclosed in repeat masked regions
2026-06-12 12:29:28,282 - DEBUG - Counting for batch 78, containing 100 cells and 217895 reads
2026-06-12 12:29:30,854 - DEBUG - 0 reads not considered because fully enclosed in repeat masked regions
2026-06-12 12:29:33,687 - DEBUG - Counting for batch 79, containing 100 cells and 219352 reads
2026-06-12 12:29:36,423 - DEBUG - 0 reads not considered because fully enclosed in repeat masked regions
2026-06-12 12:29:39,213 - DEBUG - Counting for batch 80, containing 100 cells and 194401 reads
2026-06-12 12:29:41,626 - DEBUG - 0 reads not considered because fully enclosed in repeat masked regions
2026-06-12 12:29:42,194 - DEBUG - Read first 50 million reads
2026-06-12 12:29:44,291 - DEBUG - Counting for batch 81, containing 100 cells and 219726 reads
2026-06-12 12:29:46,079 - DEBUG - 0 reads not considered because fully enclosed in repeat masked regions
2026-06-12 12:29:49,285 - DEBUG - Counting for batch 82, containing 100 cells and 184130 reads
2026-06-12 12:29:50,747 - DEBUG - 0 reads not considered because fully enclosed in repeat masked regions
2026-06-12 12:29:54,154 - DEBUG - Counting for batch 83, containing 100 cells and 222057 reads
2026-06-12 12:29:55,982 - DEBUG - 0 reads not considered because fully enclosed in repeat masked regions
2026-06-12 12:29:59,505 - DEBUG - Counting for batch 84, containing 100 cells and 222706 reads
2026-06-12 12:30:01,245 - DEBUG - 0 reads not considered because fully enclosed in repeat masked regions
2026-06-12 12:30:04,879 - DEBUG - Counting for batch 85, containing 100 cells and 232219 reads
2026-06-12 12:30:06,728 - DEBUG - 0 reads not considered because fully enclosed in repeat masked regions
2026-06-12 12:30:10,233 - DEBUG - Counting for batch 86, containing 100 cells and 213857 reads
2026-06-12 12:30:12,018 - DEBUG - 0 reads not considered because fully enclosed in repeat masked regions
2026-06-12 12:30:15,130 - DEBUG - Counting for batch 87, containing 100 cells and 184211 reads
2026-06-12 12:30:16,623 - DEBUG - 0 reads not considered because fully enclosed in repeat masked regions
2026-06-12 12:30:19,910 - DEBUG - Counting for batch 88, containing 100 cells and 207533 reads
2026-06-12 12:30:21,645 - DEBUG - 0 reads not considered because fully enclosed in repeat masked regions
2026-06-12 12:30:25,142 - DEBUG - Counting for batch 89, containing 100 cells and 215273 reads
2026-06-12 12:30:26,977 - DEBUG - 0 reads not considered because fully enclosed in repeat masked regions
2026-06-12 12:30:30,516 - DEBUG - Counting for batch 90, containing 100 cells and 194038 reads
2026-06-12 12:30:32,175 - DEBUG - 0 reads not considered because fully enclosed in repeat masked regions
2026-06-12 12:30:35,837 - DEBUG - Counting for batch 91, containing 100 cells and 229399 reads
2026-06-12 12:30:38,730 - DEBUG - 0 reads not considered because fully enclosed in repeat masked regions
2026-06-12 12:30:41,273 - DEBUG - Counting for batch 92, containing 100 cells and 187190 reads
2026-06-12 12:30:42,790 - DEBUG - 0 reads not considered because fully enclosed in repeat masked regions
2026-06-12 12:30:45,819 - DEBUG - Counting for batch 93, containing 100 cells and 169672 reads
2026-06-12 12:30:47,280 - DEBUG - 0 reads not considered because fully enclosed in repeat masked regions
2026-06-12 12:30:49,962 - DEBUG - Counting for batch 94, containing 100 cells and 213369 reads
2026-06-12 12:30:52,565 - DEBUG - 0 reads not considered because fully enclosed in repeat masked regions
2026-06-12 12:30:55,367 - DEBUG - Counting for batch 95, containing 100 cells and 231551 reads
2026-06-12 12:30:58,142 - DEBUG - 0 reads not considered because fully enclosed in repeat masked regions
2026-06-12 12:31:00,714 - DEBUG - Counting for batch 96, containing 100 cells and 185856 reads
2026-06-12 12:31:03,164 - DEBUG - 0 reads not considered because fully enclosed in repeat masked regions
2026-06-12 12:31:05,791 - DEBUG - Counting for batch 97, containing 100 cells and 207180 reads
2026-06-12 12:31:08,420 - DEBUG - 0 reads not considered because fully enclosed in repeat masked regions
2026-06-12 12:31:11,135 - DEBUG - Counting for batch 98, containing 100 cells and 207273 reads
2026-06-12 12:31:13,907 - DEBUG - 0 reads not considered because fully enclosed in repeat masked regions
2026-06-12 12:31:16,780 - DEBUG - Counting for batch 99, containing 100 cells and 209599 reads
2026-06-12 12:31:18,668 - DEBUG - 0 reads not considered because fully enclosed in repeat masked regions
2026-06-12 12:31:21,606 - DEBUG - Counting for batch 100, containing 100 cells and 157439 reads
2026-06-12 12:31:22,992 - DEBUG - 0 reads not considered because fully enclosed in repeat masked regions
2026-06-12 12:31:26,316 - DEBUG - Counting for batch 101, containing 100 cells and 209175 reads
2026-06-12 12:31:28,119 - DEBUG - 0 reads not considered because fully enclosed in repeat masked regions
2026-06-12 12:31:31,328 - DEBUG - Counting for batch 102, containing 100 cells and 173440 reads
2026-06-12 12:31:32,783 - DEBUG - 0 reads not considered because fully enclosed in repeat masked regions
2026-06-12 12:31:34,557 - DEBUG - Read first 60 million reads
2026-06-12 12:31:35,559 - DEBUG - Counting for batch 103, containing 100 cells and 231735 reads
2026-06-12 12:31:38,198 - DEBUG - 0 reads not considered because fully enclosed in repeat masked regions
2026-06-12 12:31:40,837 - DEBUG - Counting for batch 104, containing 100 cells and 198396 reads
2026-06-12 12:31:42,431 - DEBUG - 0 reads not considered because fully enclosed in repeat masked regions
2026-06-12 12:31:45,394 - DEBUG - Counting for batch 105, containing 100 cells and 170926 reads
2026-06-12 12:31:46,816 - DEBUG - 0 reads not considered because fully enclosed in repeat masked regions
2026-06-12 12:31:50,114 - DEBUG - Counting for batch 106, containing 100 cells and 203668 reads
2026-06-12 12:31:51,718 - DEBUG - 0 reads not considered because fully enclosed in repeat masked regions
2026-06-12 12:31:55,054 - DEBUG - Counting for batch 107, containing 100 cells and 199250 reads
2026-06-12 12:31:56,646 - DEBUG - 0 reads not considered because fully enclosed in repeat masked regions
2026-06-12 12:31:59,401 - DEBUG - Counting for batch 108, containing 100 cells and 235483 reads
2026-06-12 12:32:02,031 - DEBUG - 0 reads not considered because fully enclosed in repeat masked regions
2026-06-12 12:32:04,561 - DEBUG - Counting for batch 109, containing 100 cells and 200761 reads
2026-06-12 12:32:07,066 - DEBUG - 0 reads not considered because fully enclosed in repeat masked regions
2026-06-12 12:32:09,583 - DEBUG - Counting for batch 110, containing 100 cells and 206749 reads
2026-06-12 12:32:11,168 - DEBUG - 0 reads not considered because fully enclosed in repeat masked regions
2026-06-12 12:32:14,293 - DEBUG - Counting for batch 111, containing 100 cells and 190850 reads
2026-06-12 12:32:15,871 - DEBUG - 0 reads not considered because fully enclosed in repeat masked regions
2026-06-12 12:32:19,119 - DEBUG - Counting for batch 112, containing 100 cells and 202837 reads
2026-06-12 12:32:20,746 - DEBUG - 0 reads not considered because fully enclosed in repeat masked regions
2026-06-12 12:32:23,375 - DEBUG - Counting for batch 113, containing 100 cells and 205946 reads
2026-06-12 12:32:25,875 - DEBUG - 0 reads not considered because fully enclosed in repeat masked regions
2026-06-12 12:32:28,251 - DEBUG - Counting for batch 114, containing 100 cells and 190770 reads
2026-06-12 12:32:29,798 - DEBUG - 0 reads not considered because fully enclosed in repeat masked regions
2026-06-12 12:32:32,862 - DEBUG - Counting for batch 115, containing 100 cells and 178120 reads
2026-06-12 12:32:34,324 - DEBUG - 0 reads not considered because fully enclosed in repeat masked regions
2026-06-12 12:32:37,821 - DEBUG - Counting for batch 116, containing 100 cells and 214508 reads
2026-06-12 12:32:39,459 - DEBUG - 0 reads not considered because fully enclosed in repeat masked regions
2026-06-12 12:32:41,912 - DEBUG - Counting for batch 117, containing 100 cells and 189629 reads
2026-06-12 12:32:44,289 - DEBUG - 0 reads not considered because fully enclosed in repeat masked regions
2026-06-12 12:32:46,696 - DEBUG - Counting for batch 118, containing 100 cells and 171214 reads
2026-06-12 12:32:48,086 - DEBUG - 0 reads not considered because fully enclosed in repeat masked regions
2026-06-12 12:32:51,473 - DEBUG - Counting for batch 119, containing 100 cells and 218380 reads
2026-06-12 12:32:53,169 - DEBUG - 0 reads not considered because fully enclosed in repeat masked regions
2026-06-12 12:32:56,713 - DEBUG - Counting for batch 120, containing 100 cells and 215674 reads
2026-06-12 12:32:58,466 - DEBUG - 0 reads not considered because fully enclosed in repeat masked regions
2026-06-12 12:33:01,849 - DEBUG - Counting for batch 121, containing 100 cells and 195968 reads
2026-06-12 12:33:03,449 - DEBUG - 0 reads not considered because fully enclosed in repeat masked regions
2026-06-12 12:33:07,498 - DEBUG - Counting for batch 122, containing 100 cells and 226031 reads
2026-06-12 12:33:09,384 - DEBUG - 0 reads not considered because fully enclosed in repeat masked regions
2026-06-12 12:33:11,954 - DEBUG - Counting for batch 123, containing 100 cells and 187892 reads
2026-06-12 12:33:14,410 - DEBUG - 0 reads not considered because fully enclosed in repeat masked regions
2026-06-12 12:33:16,971 - DEBUG - Counting for batch 124, containing 100 cells and 200042 reads
2026-06-12 12:33:19,502 - DEBUG - 0 reads not considered because fully enclosed in repeat masked regions
2026-06-12 12:33:22,132 - DEBUG - Counting for batch 125, containing 100 cells and 200379 reads
2026-06-12 12:33:24,678 - DEBUG - 0 reads not considered because fully enclosed in repeat masked regions
2026-06-12 12:33:26,042 - DEBUG - Read first 70 million reads
2026-06-12 12:33:27,592 - DEBUG - Counting for batch 126, containing 100 cells and 242015 reads
2026-06-12 12:33:30,416 - DEBUG - 0 reads not considered because fully enclosed in repeat masked regions
2026-06-12 12:33:33,141 - DEBUG - Counting for batch 127, containing 100 cells and 189712 reads
2026-06-12 12:33:34,778 - DEBUG - 0 reads not considered because fully enclosed in repeat masked regions
2026-06-12 12:33:38,197 - DEBUG - Counting for batch 128, containing 100 cells and 212647 reads
2026-06-12 12:33:39,866 - DEBUG - 0 reads not considered because fully enclosed in repeat masked regions
2026-06-12 12:33:43,160 - DEBUG - Counting for batch 129, containing 100 cells and 194643 reads
2026-06-12 12:33:44,703 - DEBUG - 0 reads not considered because fully enclosed in repeat masked regions
2026-06-12 12:33:47,897 - DEBUG - Counting for batch 130, containing 100 cells and 181722 reads
2026-06-12 12:33:49,435 - DEBUG - 0 reads not considered because fully enclosed in repeat masked regions
2026-06-12 12:33:52,028 - DEBUG - Counting for batch 131, containing 100 cells and 210130 reads
2026-06-12 12:33:54,595 - DEBUG - 0 reads not considered because fully enclosed in repeat masked regions
2026-06-12 12:33:57,277 - DEBUG - Counting for batch 132, containing 100 cells and 204716 reads
2026-06-12 12:33:59,962 - DEBUG - 0 reads not considered because fully enclosed in repeat masked regions
2026-06-12 12:34:03,089 - DEBUG - Counting for batch 133, containing 100 cells and 231367 reads
2026-06-12 12:34:05,714 - DEBUG - 0 reads not considered because fully enclosed in repeat masked regions
2026-06-12 12:34:08,491 - DEBUG - Counting for batch 134, containing 100 cells and 229465 reads
2026-06-12 12:34:11,150 - DEBUG - 0 reads not considered because fully enclosed in repeat masked regions
2026-06-12 12:34:13,651 - DEBUG - Counting for batch 135, containing 100 cells and 200596 reads
2026-06-12 12:34:15,354 - DEBUG - 0 reads not considered because fully enclosed in repeat masked regions
2026-06-12 12:34:18,823 - DEBUG - Counting for batch 136, containing 100 cells and 219494 reads
2026-06-12 12:34:20,677 - DEBUG - 0 reads not considered because fully enclosed in repeat masked regions
2026-06-12 12:34:24,121 - DEBUG - Counting for batch 137, containing 100 cells and 212513 reads
2026-06-12 12:34:26,964 - DEBUG - 0 reads not considered because fully enclosed in repeat masked regions
2026-06-12 12:34:29,625 - DEBUG - Counting for batch 138, containing 100 cells and 191120 reads
2026-06-12 12:34:31,358 - DEBUG - 0 reads not considered because fully enclosed in repeat masked regions
2026-06-12 12:34:34,855 - DEBUG - Counting for batch 139, containing 100 cells and 210612 reads
2026-06-12 12:34:36,674 - DEBUG - 0 reads not considered because fully enclosed in repeat masked regions
2026-06-12 12:34:40,566 - DEBUG - Counting for batch 140, containing 100 cells and 241594 reads
2026-06-12 12:34:44,017 - DEBUG - 0 reads not considered because fully enclosed in repeat masked regions
2026-06-12 12:34:46,672 - DEBUG - Counting for batch 141, containing 100 cells and 197250 reads
2026-06-12 12:34:49,268 - DEBUG - 0 reads not considered because fully enclosed in repeat masked regions
2026-06-12 12:34:52,118 - DEBUG - Counting for batch 142, containing 100 cells and 230388 reads
2026-06-12 12:34:53,845 - DEBUG - 0 reads not considered because fully enclosed in repeat masked regions
2026-06-12 12:34:57,184 - DEBUG - Counting for batch 143, containing 100 cells and 203366 reads
2026-06-12 12:34:58,826 - DEBUG - 0 reads not considered because fully enclosed in repeat masked regions
2026-06-12 12:35:02,301 - DEBUG - Counting for batch 144, containing 100 cells and 223446 reads
2026-06-12 12:35:03,960 - DEBUG - 0 reads not considered because fully enclosed in repeat masked regions
2026-06-12 12:35:07,348 - DEBUG - Counting for batch 145, containing 100 cells and 213431 reads
2026-06-12 12:35:08,960 - DEBUG - 0 reads not considered because fully enclosed in repeat masked regions
2026-06-12 12:35:11,606 - DEBUG - Counting for batch 146, containing 100 cells and 208865 reads
2026-06-12 12:35:14,151 - DEBUG - 0 reads not considered because fully enclosed in repeat masked regions
2026-06-12 12:35:16,871 - DEBUG - Counting for batch 147, containing 100 cells and 217920 reads
2026-06-12 12:35:19,489 - DEBUG - 0 reads not considered because fully enclosed in repeat masked regions
2026-06-12 12:35:21,213 - DEBUG - Read first 80 million reads
2026-06-12 12:35:22,345 - DEBUG - Counting for batch 148, containing 100 cells and 226937 reads
2026-06-12 12:35:24,164 - DEBUG - 0 reads not considered because fully enclosed in repeat masked regions
2026-06-12 12:35:27,411 - DEBUG - Counting for batch 149, containing 100 cells and 185401 reads
2026-06-12 12:35:28,902 - DEBUG - 0 reads not considered because fully enclosed in repeat masked regions
2026-06-12 12:35:32,281 - DEBUG - Counting for batch 150, containing 100 cells and 209640 reads
2026-06-12 12:35:33,916 - DEBUG - 0 reads not considered because fully enclosed in repeat masked regions
2026-06-12 12:35:36,519 - DEBUG - Counting for batch 151, containing 100 cells and 215655 reads
2026-06-12 12:35:39,039 - DEBUG - 0 reads not considered because fully enclosed in repeat masked regions
2026-06-12 12:35:41,412 - DEBUG - Counting for batch 152, containing 100 cells and 185384 reads
2026-06-12 12:35:43,841 - DEBUG - 0 reads not considered because fully enclosed in repeat masked regions
2026-06-12 12:35:46,523 - DEBUG - Counting for batch 153, containing 100 cells and 216327 reads
2026-06-12 12:35:48,169 - DEBUG - 0 reads not considered because fully enclosed in repeat masked regions
2026-06-12 12:35:51,283 - DEBUG - Counting for batch 154, containing 100 cells and 186021 reads
2026-06-12 12:35:52,825 - DEBUG - 0 reads not considered because fully enclosed in repeat masked regions
2026-06-12 12:35:56,175 - DEBUG - Counting for batch 155, containing 100 cells and 211349 reads
2026-06-12 12:35:57,870 - DEBUG - 0 reads not considered because fully enclosed in repeat masked regions
2026-06-12 12:36:00,200 - DEBUG - Counting for batch 156, containing 100 cells and 174160 reads
2026-06-12 12:36:02,540 - DEBUG - 0 reads not considered because fully enclosed in repeat masked regions
2026-06-12 12:36:05,449 - DEBUG - Counting for batch 157, containing 100 cells and 220257 reads
2026-06-12 12:36:08,099 - DEBUG - 0 reads not considered because fully enclosed in repeat masked regions
2026-06-12 12:36:10,486 - DEBUG - Counting for batch 158, containing 100 cells and 180284 reads
2026-06-12 12:36:11,993 - DEBUG - 0 reads not considered because fully enclosed in repeat masked regions
2026-06-12 12:36:15,412 - DEBUG - Counting for batch 159, containing 100 cells and 202477 reads
2026-06-12 12:36:17,127 - DEBUG - 0 reads not considered because fully enclosed in repeat masked regions
2026-06-12 12:36:20,957 - DEBUG - Counting for batch 160, containing 100 cells and 235385 reads
2026-06-12 12:36:22,901 - DEBUG - 0 reads not considered because fully enclosed in repeat masked regions
2026-06-12 12:36:26,395 - DEBUG - Counting for batch 161, containing 100 cells and 210527 reads
2026-06-12 12:36:28,210 - DEBUG - 0 reads not considered because fully enclosed in repeat masked regions
2026-06-12 12:36:31,649 - DEBUG - Counting for batch 162, containing 100 cells and 206470 reads
2026-06-12 12:36:33,341 - DEBUG - 0 reads not considered because fully enclosed in repeat masked regions
2026-06-12 12:36:36,682 - DEBUG - Counting for batch 163, containing 100 cells and 199525 reads
2026-06-12 12:36:38,443 - DEBUG - 0 reads not considered because fully enclosed in repeat masked regions
2026-06-12 12:36:41,957 - DEBUG - Counting for batch 164, containing 100 cells and 214397 reads
2026-06-12 12:36:43,625 - DEBUG - 0 reads not considered because fully enclosed in repeat masked regions
2026-06-12 12:36:47,317 - DEBUG - Counting for batch 165, containing 100 cells and 231655 reads
2026-06-12 12:36:49,165 - DEBUG - 0 reads not considered because fully enclosed in repeat masked regions
2026-06-12 12:36:51,941 - DEBUG - Counting for batch 166, containing 100 cells and 213182 reads
2026-06-12 12:36:54,543 - DEBUG - 0 reads not considered because fully enclosed in repeat masked regions
2026-06-12 12:36:57,270 - DEBUG - Counting for batch 167, containing 100 cells and 215698 reads
2026-06-12 12:36:59,749 - DEBUG - 0 reads not considered because fully enclosed in repeat masked regions
2026-06-12 12:37:02,366 - DEBUG - Counting for batch 168, containing 100 cells and 217642 reads
2026-06-12 12:37:04,029 - DEBUG - 0 reads not considered because fully enclosed in repeat masked regions
2026-06-12 12:37:07,443 - DEBUG - Counting for batch 169, containing 100 cells and 221504 reads
2026-06-12 12:37:09,163 - DEBUG - 0 reads not considered because fully enclosed in repeat masked regions
2026-06-12 12:37:12,552 - DEBUG - Counting for batch 170, containing 100 cells and 205894 reads
2026-06-12 12:37:14,219 - DEBUG - 0 reads not considered because fully enclosed in repeat masked regions
2026-06-12 12:37:16,379 - DEBUG - Read first 90 million reads
2026-06-12 12:37:17,594 - DEBUG - Counting for batch 171, containing 100 cells and 208899 reads
2026-06-12 12:37:19,412 - DEBUG - 0 reads not considered because fully enclosed in repeat masked regions
2026-06-12 12:37:23,132 - DEBUG - Counting for batch 172, containing 100 cells and 228622 reads
2026-06-12 12:37:24,971 - DEBUG - 0 reads not considered because fully enclosed in repeat masked regions
2026-06-12 12:37:28,565 - DEBUG - Counting for batch 173, containing 100 cells and 231039 reads
2026-06-12 12:37:31,545 - DEBUG - 0 reads not considered because fully enclosed in repeat masked regions
2026-06-12 12:37:34,305 - DEBUG - Counting for batch 174, containing 100 cells and 202465 reads
2026-06-12 12:37:35,959 - DEBUG - 0 reads not considered because fully enclosed in repeat masked regions
2026-06-12 12:37:39,265 - DEBUG - Counting for batch 175, containing 100 cells and 198374 reads
2026-06-12 12:37:40,866 - DEBUG - 0 reads not considered because fully enclosed in repeat masked regions
2026-06-12 12:37:43,491 - DEBUG - Counting for batch 176, containing 100 cells and 199458 reads
2026-06-12 12:37:45,866 - DEBUG - 0 reads not considered because fully enclosed in repeat masked regions
2026-06-12 12:37:48,453 - DEBUG - Counting for batch 177, containing 100 cells and 206617 reads
2026-06-12 12:37:50,978 - DEBUG - 0 reads not considered because fully enclosed in repeat masked regions
2026-06-12 12:37:53,722 - DEBUG - Counting for batch 178, containing 100 cells and 230275 reads
2026-06-12 12:37:55,505 - DEBUG - 0 reads not considered because fully enclosed in repeat masked regions
2026-06-12 12:37:58,639 - DEBUG - Counting for batch 179, containing 100 cells and 180136 reads
2026-06-12 12:38:00,179 - DEBUG - 0 reads not considered because fully enclosed in repeat masked regions
2026-06-12 12:38:03,627 - DEBUG - Counting for batch 180, containing 100 cells and 213542 reads
2026-06-12 12:38:05,335 - DEBUG - 0 reads not considered because fully enclosed in repeat masked regions
2026-06-12 12:38:08,598 - DEBUG - Counting for batch 181, containing 100 cells and 193934 reads
2026-06-12 12:38:10,198 - DEBUG - 0 reads not considered because fully enclosed in repeat masked regions
2026-06-12 12:38:12,501 - DEBUG - Counting for batch 182, containing 100 cells and 182495 reads
2026-06-12 12:38:14,811 - DEBUG - 0 reads not considered because fully enclosed in repeat masked regions
2026-06-12 12:38:17,284 - DEBUG - Counting for batch 183, containing 100 cells and 204610 reads
2026-06-12 12:38:18,927 - DEBUG - 0 reads not considered because fully enclosed in repeat masked regions
2026-06-12 12:38:22,287 - DEBUG - Counting for batch 184, containing 100 cells and 225067 reads
2026-06-12 12:38:24,009 - DEBUG - 0 reads not considered because fully enclosed in repeat masked regions
2026-06-12 12:38:27,140 - DEBUG - Counting for batch 185, containing 100 cells and 185935 reads
2026-06-12 12:38:28,703 - DEBUG - 0 reads not considered because fully enclosed in repeat masked regions
2026-06-12 12:38:32,277 - DEBUG - Counting for batch 186, containing 100 cells and 231932 reads
2026-06-12 12:38:34,076 - DEBUG - 0 reads not considered because fully enclosed in repeat masked regions
2026-06-12 12:38:37,414 - DEBUG - Counting for batch 187, containing 100 cells and 202029 reads
2026-06-12 12:38:39,108 - DEBUG - 0 reads not considered because fully enclosed in repeat masked regions
2026-06-12 12:38:42,806 - DEBUG - Counting for batch 188, containing 100 cells and 226133 reads
2026-06-12 12:38:44,652 - DEBUG - 0 reads not considered because fully enclosed in repeat masked regions
2026-06-12 12:38:47,951 - DEBUG - Counting for batch 189, containing 100 cells and 186820 reads
2026-06-12 12:38:49,525 - DEBUG - 0 reads not considered because fully enclosed in repeat masked regions
2026-06-12 12:38:51,940 - DEBUG - Counting for batch 190, containing 100 cells and 195901 reads
2026-06-12 12:38:54,327 - DEBUG - 0 reads not considered because fully enclosed in repeat masked regions
2026-06-12 12:38:56,754 - DEBUG - Counting for batch 191, containing 100 cells and 193385 reads
2026-06-12 12:38:58,332 - DEBUG - 0 reads not considered because fully enclosed in repeat masked regions
2026-06-12 12:39:01,557 - DEBUG - Counting for batch 192, containing 100 cells and 196514 reads
2026-06-12 12:39:03,221 - DEBUG - 0 reads not considered because fully enclosed in repeat masked regions
2026-06-12 12:39:06,466 - DEBUG - Counting for batch 193, containing 100 cells and 186778 reads
2026-06-12 12:39:08,010 - DEBUG - 0 reads not considered because fully enclosed in repeat masked regions
2026-06-12 12:39:09,616 - DEBUG - Read first 100 million reads
2026-06-12 12:39:11,408 - DEBUG - Counting for batch 194, containing 100 cells and 209034 reads
2026-06-12 12:39:13,090 - DEBUG - 0 reads not considered because fully enclosed in repeat masked regions
2026-06-12 12:39:15,626 - DEBUG - Counting for batch 195, containing 100 cells and 190755 reads
2026-06-12 12:39:18,121 - DEBUG - 0 reads not considered because fully enclosed in repeat masked regions
2026-06-12 12:39:20,730 - DEBUG - Counting for batch 196, containing 100 cells and 212741 reads
2026-06-12 12:39:23,343 - DEBUG - 0 reads not considered because fully enclosed in repeat masked regions
2026-06-12 12:39:25,776 - DEBUG - Counting for batch 197, containing 100 cells and 189034 reads
2026-06-12 12:39:27,333 - DEBUG - 0 reads not considered because fully enclosed in repeat masked regions
2026-06-12 12:39:30,554 - DEBUG - Counting for batch 198, containing 100 cells and 187422 reads
2026-06-12 12:39:32,155 - DEBUG - 0 reads not considered because fully enclosed in repeat masked regions
2026-06-12 12:39:35,670 - DEBUG - Counting for batch 199, containing 100 cells and 210726 reads
2026-06-12 12:39:37,334 - DEBUG - 0 reads not considered because fully enclosed in repeat masked regions
2026-06-12 12:39:39,834 - DEBUG - Counting for batch 200, containing 100 cells and 190426 reads
2026-06-12 12:39:42,195 - DEBUG - 0 reads not considered because fully enclosed in repeat masked regions
2026-06-12 12:39:44,672 - DEBUG - Counting for batch 201, containing 100 cells and 202051 reads
2026-06-12 12:39:47,159 - DEBUG - 0 reads not considered because fully enclosed in repeat masked regions
2026-06-12 12:39:49,684 - DEBUG - Counting for batch 202, containing 100 cells and 202041 reads
2026-06-12 12:39:51,315 - DEBUG - 0 reads not considered because fully enclosed in repeat masked regions
2026-06-12 12:39:54,694 - DEBUG - Counting for batch 203, containing 100 cells and 212168 reads
2026-06-12 12:39:56,423 - DEBUG - 0 reads not considered because fully enclosed in repeat masked regions
2026-06-12 12:39:59,778 - DEBUG - Counting for batch 204, containing 100 cells and 195033 reads
2026-06-12 12:40:01,413 - DEBUG - 0 reads not considered because fully enclosed in repeat masked regions
2026-06-12 12:40:03,918 - DEBUG - Counting for batch 205, containing 100 cells and 200932 reads
2026-06-12 12:40:06,363 - DEBUG - 0 reads not considered because fully enclosed in repeat masked regions
2026-06-12 12:40:08,762 - DEBUG - Counting for batch 206, containing 100 cells and 195756 reads
2026-06-12 12:40:10,333 - DEBUG - 0 reads not considered because fully enclosed in repeat masked regions
2026-06-12 12:40:13,676 - DEBUG - Counting for batch 207, containing 100 cells and 205875 reads
2026-06-12 12:40:15,379 - DEBUG - 0 reads not considered because fully enclosed in repeat masked regions
2026-06-12 12:40:18,711 - DEBUG - Counting for batch 208, containing 100 cells and 207616 reads
2026-06-12 12:40:20,360 - DEBUG - 0 reads not considered because fully enclosed in repeat masked regions
2026-06-12 12:40:23,751 - DEBUG - Counting for batch 209, containing 100 cells and 200679 reads
2026-06-12 12:40:25,393 - DEBUG - 0 reads not considered because fully enclosed in repeat masked regions
2026-06-12 12:40:28,545 - DEBUG - Counting for batch 210, containing 100 cells and 174142 reads
2026-06-12 12:40:29,992 - DEBUG - 0 reads not considered because fully enclosed in repeat masked regions
2026-06-12 12:40:32,575 - DEBUG - Counting for batch 211, containing 100 cells and 211249 reads
2026-06-12 12:40:35,133 - DEBUG - 0 reads not considered because fully enclosed in repeat masked regions
2026-06-12 12:40:37,937 - DEBUG - Counting for batch 212, containing 100 cells and 237634 reads
2026-06-12 12:40:40,714 - DEBUG - 0 reads not considered because fully enclosed in repeat masked regions
2026-06-12 12:40:43,423 - DEBUG - Counting for batch 213, containing 100 cells and 210414 reads
2026-06-12 12:40:45,136 - DEBUG - 0 reads not considered because fully enclosed in repeat masked regions
2026-06-12 12:40:48,538 - DEBUG - Counting for batch 214, containing 100 cells and 214580 reads
2026-06-12 12:40:50,236 - DEBUG - 0 reads not considered because fully enclosed in repeat masked regions
2026-06-12 12:40:53,524 - DEBUG - Counting for batch 215, containing 100 cells and 199716 reads
2026-06-12 12:40:55,134 - DEBUG - 0 reads not considered because fully enclosed in repeat masked regions
2026-06-12 12:40:57,371 - DEBUG - Counting for batch 216, containing 100 cells and 168832 reads
2026-06-12 12:40:59,648 - DEBUG - 0 reads not considered because fully enclosed in repeat masked regions
2026-06-12 12:41:01,573 - DEBUG - Read first 110 million reads
2026-06-12 12:41:02,297 - DEBUG - Counting for batch 217, containing 100 cells and 217738 reads
2026-06-12 12:41:05,030 - DEBUG - 0 reads not considered because fully enclosed in repeat masked regions
2026-06-12 12:41:07,736 - DEBUG - Counting for batch 218, containing 100 cells and 219090 reads
2026-06-12 12:41:09,561 - DEBUG - 0 reads not considered because fully enclosed in repeat masked regions
2026-06-12 12:41:12,902 - DEBUG - Counting for batch 219, containing 100 cells and 200289 reads
2026-06-12 12:41:14,503 - DEBUG - 0 reads not considered because fully enclosed in repeat masked regions
2026-06-12 12:41:18,072 - DEBUG - Counting for batch 220, containing 100 cells and 233485 reads
2026-06-12 12:41:19,869 - DEBUG - 0 reads not considered because fully enclosed in repeat masked regions
2026-06-12 12:41:23,005 - DEBUG - Counting for batch 221, containing 100 cells and 180224 reads
2026-06-12 12:41:24,516 - DEBUG - 0 reads not considered because fully enclosed in repeat masked regions
2026-06-12 12:41:27,943 - DEBUG - Counting for batch 222, containing 100 cells and 216153 reads
2026-06-12 12:41:29,619 - DEBUG - 0 reads not considered because fully enclosed in repeat masked regions
2026-06-12 12:41:33,062 - DEBUG - Counting for batch 223, containing 100 cells and 200736 reads
2026-06-12 12:41:34,783 - DEBUG - 0 reads not considered because fully enclosed in repeat masked regions
2026-06-12 12:41:37,548 - DEBUG - Counting for batch 224, containing 100 cells and 218610 reads
2026-06-12 12:41:40,116 - DEBUG - 0 reads not considered because fully enclosed in repeat masked regions
2026-06-12 12:41:43,022 - DEBUG - Counting for batch 225, containing 100 cells and 226103 reads
2026-06-12 12:41:45,739 - DEBUG - 0 reads not considered because fully enclosed in repeat masked regions
2026-06-12 12:41:48,740 - DEBUG - Counting for batch 226, containing 100 cells and 240299 reads
2026-06-12 12:41:51,472 - DEBUG - 0 reads not considered because fully enclosed in repeat masked regions
2026-06-12 12:41:54,135 - DEBUG - Counting for batch 227, containing 100 cells and 212862 reads
2026-06-12 12:41:56,740 - DEBUG - 0 reads not considered because fully enclosed in repeat masked regions
2026-06-12 12:41:59,439 - DEBUG - Counting for batch 228, containing 100 cells and 213928 reads
2026-06-12 12:42:01,240 - DEBUG - 0 reads not considered because fully enclosed in repeat masked regions
2026-06-12 12:42:04,747 - DEBUG - Counting for batch 229, containing 100 cells and 214961 reads
2026-06-12 12:42:06,553 - DEBUG - 0 reads not considered because fully enclosed in repeat masked regions
2026-06-12 12:42:10,358 - DEBUG - Counting for batch 230, containing 100 cells and 247391 reads
2026-06-12 12:42:13,322 - DEBUG - 0 reads not considered because fully enclosed in repeat masked regions
2026-06-12 12:42:16,027 - DEBUG - Counting for batch 231, containing 100 cells and 195042 reads
2026-06-12 12:42:18,626 - DEBUG - 0 reads not considered because fully enclosed in repeat masked regions
2026-06-12 12:42:21,490 - DEBUG - Counting for batch 232, containing 100 cells and 226968 reads
2026-06-12 12:42:23,263 - DEBUG - 0 reads not considered because fully enclosed in repeat masked regions
2026-06-12 12:42:26,473 - DEBUG - Counting for batch 233, containing 100 cells and 177944 reads
2026-06-12 12:42:27,939 - DEBUG - 0 reads not considered because fully enclosed in repeat masked regions
2026-06-12 12:42:30,396 - DEBUG - Counting for batch 234, containing 100 cells and 203485 reads
2026-06-12 12:42:32,874 - DEBUG - 0 reads not considered because fully enclosed in repeat masked regions
2026-06-12 12:42:35,348 - DEBUG - Counting for batch 235, containing 100 cells and 187929 reads
2026-06-12 12:42:36,891 - DEBUG - 0 reads not considered because fully enclosed in repeat masked regions
2026-06-12 12:42:40,133 - DEBUG - Counting for batch 236, containing 100 cells and 186468 reads
2026-06-12 12:42:41,777 - DEBUG - 0 reads not considered because fully enclosed in repeat masked regions
2026-06-12 12:42:45,448 - DEBUG - Counting for batch 237, containing 100 cells and 220706 reads
2026-06-12 12:42:48,142 - DEBUG - 0 reads not considered because fully enclosed in repeat masked regions
2026-06-12 12:42:50,708 - DEBUG - Counting for batch 238, containing 100 cells and 199041 reads
2026-06-12 12:42:52,358 - DEBUG - 0 reads not considered because fully enclosed in repeat masked regions
2026-06-12 12:42:55,522 - DEBUG - Read first 120 million reads
2026-06-12 12:42:55,862 - DEBUG - Counting for batch 239, containing 100 cells and 209120 reads
2026-06-12 12:42:57,707 - DEBUG - 0 reads not considered because fully enclosed in repeat masked regions
2026-06-12 12:43:01,386 - DEBUG - Counting for batch 240, containing 100 cells and 224929 reads
2026-06-12 12:43:03,117 - DEBUG - 0 reads not considered because fully enclosed in repeat masked regions
2026-06-12 12:43:06,539 - DEBUG - Counting for batch 241, containing 100 cells and 209891 reads
2026-06-12 12:43:08,209 - DEBUG - 0 reads not considered because fully enclosed in repeat masked regions
2026-06-12 12:43:11,634 - DEBUG - Counting for batch 242, containing 100 cells and 203509 reads
2026-06-12 12:43:13,218 - DEBUG - 0 reads not considered because fully enclosed in repeat masked regions
2026-06-12 12:43:16,151 - DEBUG - Counting for batch 243, containing 100 cells and 246603 reads
2026-06-12 12:43:18,828 - DEBUG - 0 reads not considered because fully enclosed in repeat masked regions
2026-06-12 12:43:21,354 - DEBUG - Counting for batch 244, containing 100 cells and 195204 reads
2026-06-12 12:43:23,812 - DEBUG - 0 reads not considered because fully enclosed in repeat masked regions
2026-06-12 12:43:26,545 - DEBUG - Counting for batch 245, containing 100 cells and 225015 reads
2026-06-12 12:43:29,336 - DEBUG - 0 reads not considered because fully enclosed in repeat masked regions
2026-06-12 12:43:32,160 - DEBUG - Counting for batch 246, containing 100 cells and 210319 reads
2026-06-12 12:43:33,928 - DEBUG - 0 reads not considered because fully enclosed in repeat masked regions
2026-06-12 12:43:37,146 - DEBUG - Counting for batch 247, containing 100 cells and 189148 reads
2026-06-12 12:43:38,702 - DEBUG - 0 reads not considered because fully enclosed in repeat masked regions
2026-06-12 12:43:42,108 - DEBUG - Counting for batch 248, containing 100 cells and 218023 reads
2026-06-12 12:43:43,827 - DEBUG - 0 reads not considered because fully enclosed in repeat masked regions
2026-06-12 12:43:46,388 - DEBUG - Counting for batch 249, containing 100 cells and 207316 reads
2026-06-12 12:43:49,038 - DEBUG - 0 reads not considered because fully enclosed in repeat masked regions
2026-06-12 12:43:51,862 - DEBUG - Counting for batch 250, containing 100 cells and 211966 reads
2026-06-12 12:43:54,446 - DEBUG - 0 reads not considered because fully enclosed in repeat masked regions
2026-06-12 12:43:57,184 - DEBUG - Counting for batch 251, containing 100 cells and 231013 reads
2026-06-12 12:43:59,985 - DEBUG - 0 reads not considered because fully enclosed in repeat masked regions
2026-06-12 12:44:02,608 - DEBUG - Counting for batch 252, containing 100 cells and 207080 reads
2026-06-12 12:44:05,293 - DEBUG - 0 reads not considered because fully enclosed in repeat masked regions
2026-06-12 12:44:07,687 - DEBUG - Counting for batch 253, containing 100 cells and 181382 reads
2026-06-12 12:44:09,165 - DEBUG - 0 reads not considered because fully enclosed in repeat masked regions
2026-06-12 12:44:12,389 - DEBUG - Counting for batch 254, containing 100 cells and 196774 reads
2026-06-12 12:44:14,084 - DEBUG - 0 reads not considered because fully enclosed in repeat masked regions
2026-06-12 12:44:16,496 - DEBUG - Counting for batch 255, containing 100 cells and 186977 reads
2026-06-12 12:44:18,808 - DEBUG - 0 reads not considered because fully enclosed in repeat masked regions
2026-06-12 12:44:21,378 - DEBUG - Counting for batch 256, containing 100 cells and 207111 reads
2026-06-12 12:44:23,907 - DEBUG - 0 reads not considered because fully enclosed in repeat masked regions
2026-06-12 12:44:26,494 - DEBUG - Counting for batch 257, containing 100 cells and 205848 reads
2026-06-12 12:44:28,232 - DEBUG - 0 reads not considered because fully enclosed in repeat masked regions
2026-06-12 12:44:31,286 - DEBUG - Counting for batch 258, containing 100 cells and 179121 reads
2026-06-12 12:44:32,834 - DEBUG - 0 reads not considered because fully enclosed in repeat masked regions
2026-06-12 12:44:36,004 - DEBUG - Counting for batch 259, containing 100 cells and 181241 reads
2026-06-12 12:44:37,599 - DEBUG - 0 reads not considered because fully enclosed in repeat masked regions
2026-06-12 12:44:40,007 - DEBUG - Counting for batch 260, containing 100 cells and 187999 reads
2026-06-12 12:44:42,547 - DEBUG - 0 reads not considered because fully enclosed in repeat masked regions
2026-06-12 12:44:45,142 - DEBUG - Counting for batch 261, containing 100 cells and 200503 reads
2026-06-12 12:44:47,603 - DEBUG - 0 reads not considered because fully enclosed in repeat masked regions
2026-06-12 12:44:50,065 - DEBUG - Read first 130 million reads
2026-06-12 12:44:50,152 - DEBUG - Counting for batch 262, containing 100 cells and 191848 reads
2026-06-12 12:44:51,822 - DEBUG - 0 reads not considered because fully enclosed in repeat masked regions
2026-06-12 12:44:55,438 - DEBUG - Counting for batch 263, containing 100 cells and 222400 reads
2026-06-12 12:44:58,429 - DEBUG - 0 reads not considered because fully enclosed in repeat masked regions
2026-06-12 12:45:01,111 - DEBUG - Counting for batch 264, containing 100 cells and 190066 reads
2026-06-12 12:45:03,699 - DEBUG - 0 reads not considered because fully enclosed in repeat masked regions
2026-06-12 12:45:06,341 - DEBUG - Counting for batch 265, containing 100 cells and 196227 reads
2026-06-12 12:45:08,109 - DEBUG - 0 reads not considered because fully enclosed in repeat masked regions
2026-06-12 12:45:11,519 - DEBUG - Counting for batch 266, containing 100 cells and 194944 reads
2026-06-12 12:45:13,194 - DEBUG - 0 reads not considered because fully enclosed in repeat masked regions
2026-06-12 12:45:17,086 - DEBUG - Counting for batch 267, containing 100 cells and 247691 reads
2026-06-12 12:45:19,032 - DEBUG - 0 reads not considered because fully enclosed in repeat masked regions
2026-06-12 12:45:22,364 - DEBUG - Counting for batch 268, containing 100 cells and 206552 reads
2026-06-12 12:45:24,993 - DEBUG - 0 reads not considered because fully enclosed in repeat masked regions
2026-06-12 12:45:27,873 - DEBUG - Counting for batch 269, containing 100 cells and 218085 reads
2026-06-12 12:45:29,887 - DEBUG - 0 reads not considered because fully enclosed in repeat masked regions
2026-06-12 12:45:33,323 - DEBUG - Counting for batch 270, containing 100 cells and 195077 reads
2026-06-12 12:45:35,187 - DEBUG - 0 reads not considered because fully enclosed in repeat masked regions
2026-06-12 12:45:37,367 - DEBUG - Counting for batch 271, containing 35 cells and 87365 reads
2026-06-12 12:45:38,264 - DEBUG - 0 reads not considered because fully enclosed in repeat masked regions
2026-06-12 12:45:38,403 - DEBUG - 6017748 reads were skipped because no apropiate cell or umi barcode was found
2026-06-12 12:45:38,433 - DEBUG - Counting done!
2026-06-12 12:45:38,456 - DEBUG - Generating output file /research/peer/fdeckert/FD20250213HSCT/data/object/velocyto/HSCT_7854_transcriptome/velocyto.loom
2026-06-12 12:45:38,457 - DEBUG - Collecting row attributes
2026-06-12 12:45:38,614 - DEBUG - Generating data table
2026-06-12 12:45:43,651 - DEBUG - Writing loom file
2026-06-12 12:45:47,563 - DEBUG - Creating converter from 5 to 3
2026-06-12 12:45:47,566 - DEBUG - Creating converter from 3 to 5
2026-06-12 12:46:17,402 - DEBUG - Terminated Succesfully!
