[I::main] start time: 2023-06-28 11:08:28
[W::check_args] Max depth set to maximum value (2147483647)
[I::main] loading the VCF file for given SNPs ...
[I::main] fetching 36331179 candidate variants ...
[I::main] mode 1a: fetch given SNPs in 7503 single cells.
[I::csp_fetch_core][Thread-21] 2.00% SNPs processed.
[I::csp_fetch_core][Thread-32] 2.00% SNPs processed.
[I::csp_fetch_core][Thread-14] 2.00% SNPs processed.
[I::csp_fetch_core][Thread-18] 2.00% SNPs processed.
[I::csp_fetch_core][Thread-25] 2.00% SNPs processed.
[I::csp_fetch_core][Thread-5] 2.00% SNPs processed.
[I::csp_fetch_core][Thread-24] 2.00% SNPs processed.
[I::csp_fetch_core][Thread-7] 2.00% SNPs processed.
[I::csp_fetch_core][Thread-9] 2.00% SNPs processed.
[I::csp_fetch_core][Thread-35] 2.00% SNPs processed.
[I::csp_fetch_core][Thread-11] 2.00% SNPs processed.
[I::csp_fetch_core][Thread-47] 2.00% SNPs processed.
[I::csp_fetch_core][Thread-12] 2.00% SNPs processed.
[I::csp_fetch_core][Thread-22] 2.00% SNPs processed.
[I::csp_fetch_core][Thread-23] 2.00% SNPs processed.
[I::csp_fetch_core][Thread-4] 2.00% SNPs processed.
[I::csp_fetch_core][Thread-14] 4.00% SNPs processed.
[I::csp_fetch_core][Thread-20] 2.00% SNPs processed.
[I::csp_fetch_core][Thread-1] 2.00% SNPs processed.
[I::csp_fetch_core][Thread-16] 2.00% SNPs processed.
[I::csp_fetch_core][Thread-42] 2.00% SNPs processed.
[I::csp_fetch_core][Thread-21] 4.00% SNPs processed.
[I::csp_fetch_core][Thread-31] 2.00% SNPs processed.
[I::csp_fetch_core][Thread-34] 2.00% SNPs processed.
[I::csp_fetch_core][Thread-47] 4.00% SNPs processed.
[I::csp_fetch_core][Thread-32] 4.00% SNPs processed.
[I::csp_fetch_core][Thread-37] 2.00% SNPs processed.
[I::csp_fetch_core][Thread-5] 4.00% SNPs processed.
[I::csp_fetch_core][Thread-28] 2.00% SNPs processed.
[I::csp_fetch_core][Thread-39] 2.00% SNPs processed.
[I::csp_fetch_core][Thread-9] 4.00% SNPs processed.
[I::csp_fetch_core][Thread-33] 2.00% SNPs processed.
[I::csp_fetch_core][Thread-15] 2.00% SNPs processed.
[I::csp_fetch_core][Thread-25] 4.00% SNPs processed.
[I::csp_fetch_core][Thread-30] 2.00% SNPs processed.
[I::csp_fetch_core][Thread-35] 4.00% SNPs processed.
[I::csp_fetch_core][Thread-46] 2.00% SNPs processed.
[I::csp_fetch_core][Thread-26] 2.00% SNPs processed.
[I::csp_fetch_core][Thread-7] 4.00% SNPs processed.
[I::csp_fetch_core][Thread-13] 2.00% SNPs processed.
[I::csp_fetch_core][Thread-24] 4.00% SNPs processed.
[I::csp_fetch_core][Thread-4] 4.00% SNPs processed.
[I::csp_fetch_core][Thread-45] 2.00% SNPs processed.
[I::csp_fetch_core][Thread-3] 2.00% SNPs processed.
[I::csp_fetch_core][Thread-47] 6.00% SNPs processed.
[I::csp_fetch_core][Thread-14] 6.00% SNPs processed.
[I::csp_fetch_core][Thread-12] 4.00% SNPs processed.
[I::csp_fetch_core][Thread-37] 4.00% SNPs processed.
[I::csp_fetch_core][Thread-43] 2.00% SNPs processed.
[I::csp_fetch_core][Thread-23] 4.00% SNPs processed.
[I::csp_fetch_core][Thread-16] 4.00% SNPs processed.
[I::csp_fetch_core][Thread-33] 4.00% SNPs processed.
[I::csp_fetch_core][Thread-0] 2.00% SNPs processed.
[I::csp_fetch_core][Thread-35] 6.00% SNPs processed.
[I::csp_fetch_core][Thread-5] 6.00% SNPs processed.
[I::csp_fetch_core][Thread-15] 4.00% SNPs processed.
[I::csp_fetch_core][Thread-39] 4.00% SNPs processed.
[I::csp_fetch_core][Thread-25] 6.00% SNPs processed.
[I::csp_fetch_core][Thread-34] 4.00% SNPs processed.
[I::csp_fetch_core][Thread-13] 4.00% SNPs processed.
[I::csp_fetch_core][Thread-47] 8.00% SNPs processed.
[I::csp_fetch_core][Thread-18] 4.00% SNPs processed.
[I::csp_fetch_core][Thread-24] 6.00% SNPs processed.
[I::csp_fetch_core][Thread-7] 6.00% SNPs processed.
[I::csp_fetch_core][Thread-6] 2.00% SNPs processed.
[I::csp_fetch_core][Thread-12] 6.00% SNPs processed.
[I::csp_fetch_core][Thread-8] 2.00% SNPs processed.
[I::csp_fetch_core][Thread-3] 4.00% SNPs processed.
[I::csp_fetch_core][Thread-1] 4.00% SNPs processed.
[I::csp_fetch_core][Thread-32] 6.00% SNPs processed.
[I::csp_fetch_core][Thread-31] 4.00% SNPs processed.
[I::csp_fetch_core][Thread-18] 6.00% SNPs processed.
[I::csp_fetch_core][Thread-5] 8.00% SNPs processed.
[I::csp_fetch_core][Thread-35] 8.00% SNPs processed.
[I::csp_fetch_core][Thread-46] 4.00% SNPs processed.
[I::csp_fetch_core][Thread-28] 4.00% SNPs processed.
[I::csp_fetch_core][Thread-9] 6.00% SNPs processed.
[I::csp_fetch_core][Thread-40] 2.00% SNPs processed.
[I::csp_fetch_core][Thread-42] 4.00% SNPs processed.
[I::csp_fetch_core][Thread-26] 4.00% SNPs processed.
[I::csp_fetch_core][Thread-41] 2.00% SNPs processed.
[I::csp_fetch_core][Thread-47] 10.00% SNPs processed.
[I::csp_fetch_core][Thread-38] 2.00% SNPs processed.
[I::csp_fetch_core][Thread-19] 2.00% SNPs processed.
[I::csp_fetch_core][Thread-37] 6.00% SNPs processed.
[I::csp_fetch_core][Thread-13] 6.00% SNPs processed.
[I::csp_fetch_core][Thread-27] 2.00% SNPs processed.
[I::csp_fetch_core][Thread-16] 6.00% SNPs processed.
[I::csp_fetch_core][Thread-21] 6.00% SNPs processed.
[I::csp_fetch_core][Thread-18] 8.00% SNPs processed.
[I::csp_fetch_core][Thread-45] 4.00% SNPs processed.
[I::csp_fetch_core][Thread-10] 2.00% SNPs processed.
[I::csp_fetch_core][Thread-11] 4.00% SNPs processed.
[I::csp_fetch_core][Thread-6] 4.00% SNPs processed.
[I::csp_fetch_core][Thread-23] 6.00% SNPs processed.
[I::csp_fetch_core][Thread-33] 6.00% SNPs processed.
[I::csp_fetch_core][Thread-44] 2.00% SNPs processed.
[I::csp_fetch_core][Thread-3] 6.00% SNPs processed.
[I::csp_fetch_core][Thread-29] 2.00% SNPs processed.
[I::csp_fetch_core][Thread-35] 10.00% SNPs processed.
[I::csp_fetch_core][Thread-32] 8.00% SNPs processed.
[I::csp_fetch_core][Thread-5] 10.00% SNPs processed.
[I::csp_fetch_core][Thread-4] 6.00% SNPs processed.
[I::csp_fetch_core][Thread-9] 8.00% SNPs processed.
[I::csp_fetch_core][Thread-12] 8.00% SNPs processed.
[I::csp_fetch_core][Thread-8] 4.00% SNPs processed.
[I::csp_fetch_core][Thread-7] 8.00% SNPs processed.
[I::csp_fetch_core][Thread-24] 8.00% SNPs processed.
[I::csp_fetch_core][Thread-47] 12.00% SNPs processed.
[I::csp_fetch_core][Thread-36] 2.00% SNPs processed.
[I::csp_fetch_core][Thread-46] 6.00% SNPs processed.
[I::csp_fetch_core][Thread-42] 6.00% SNPs processed.
[I::csp_fetch_core][Thread-5] 12.00% SNPs processed.
[I::csp_fetch_core][Thread-13] 8.00% SNPs processed.
[I::csp_fetch_core][Thread-25] 8.00% SNPs processed.
[I::csp_fetch_core][Thread-14] 8.00% SNPs processed.
[I::csp_fetch_core][Thread-18] 10.00% SNPs processed.
[I::csp_fetch_core][Thread-16] 8.00% SNPs processed.
[I::csp_fetch_core][Thread-39] 6.00% SNPs processed.
[I::csp_fetch_core][Thread-35] 12.00% SNPs processed.
[I::csp_fetch_core][Thread-47] 14.00% SNPs processed.
[I::csp_fetch_core][Thread-31] 6.00% SNPs processed.
[I::csp_fetch_core][Thread-11] 6.00% SNPs processed.
[I::csp_fetch_core][Thread-28] 6.00% SNPs processed.
[I::csp_fetch_core][Thread-1] 6.00% SNPs processed.
[I::csp_fetch_core][Thread-33] 8.00% SNPs processed.
[I::csp_fetch_core][Thread-15] 6.00% SNPs processed.
[I::csp_fetch_core][Thread-3] 8.00% SNPs processed.
[I::csp_fetch_core][Thread-9] 10.00% SNPs processed.
[I::csp_fetch_core][Thread-37] 8.00% SNPs processed.
[I::csp_fetch_core][Thread-47] 16.00% SNPs processed.
[I::csp_fetch_core][Thread-13] 10.00% SNPs processed.
[I::csp_fetch_core][Thread-17] 2.00% SNPs processed.
[I::csp_fetch_core][Thread-19] 4.00% SNPs processed.
[I::csp_fetch_core][Thread-42] 8.00% SNPs processed.
[I::csp_fetch_core][Thread-10] 4.00% SNPs processed.
[I::csp_fetch_core][Thread-16] 10.00% SNPs processed.
[I::csp_fetch_core][Thread-26] 6.00% SNPs processed.
[I::csp_fetch_core][Thread-39] 8.00% SNPs processed.
[I::csp_fetch_core][Thread-35] 14.00% SNPs processed.
[I::csp_fetch_core][Thread-8] 6.00% SNPs processed.
[I::csp_fetch_core][Thread-31] 8.00% SNPs processed.
[I::csp_fetch_core][Thread-28] 8.00% SNPs processed.
[I::csp_fetch_core][Thread-44] 4.00% SNPs processed.
[I::csp_fetch_core][Thread-18] 12.00% SNPs processed.
[I::csp_fetch_core][Thread-6] 6.00% SNPs processed.
[I::csp_fetch_core][Thread-12] 10.00% SNPs processed.
[I::csp_fetch_core][Thread-30] 4.00% SNPs processed.
[I::csp_fetch_core][Thread-13] 12.00% SNPs processed.
[I::csp_fetch_core][Thread-11] 8.00% SNPs processed.
[I::csp_fetch_core][Thread-24] 10.00% SNPs processed.
[I::csp_fetch_core][Thread-25] 10.00% SNPs processed.
[I::csp_fetch_core][Thread-33] 10.00% SNPs processed.
[I::csp_fetch_core][Thread-21] 8.00% SNPs processed.
[I::csp_fetch_core][Thread-37] 10.00% SNPs processed.
[I::csp_fetch_core][Thread-14] 10.00% SNPs processed.
[I::csp_fetch_core][Thread-9] 12.00% SNPs processed.
[I::csp_fetch_core][Thread-38] 4.00% SNPs processed.
[I::csp_fetch_core][Thread-41] 4.00% SNPs processed.
[I::csp_fetch_core][Thread-29] 4.00% SNPs processed.
[I::csp_fetch_core][Thread-45] 6.00% SNPs processed.
[I::csp_fetch_core][Thread-4] 8.00% SNPs processed.
[I::csp_fetch_core][Thread-22] 4.00% SNPs processed.
[I::csp_fetch_core][Thread-3] 10.00% SNPs processed.
[I::csp_fetch_core][Thread-1] 8.00% SNPs processed.
[I::csp_fetch_core][Thread-28] 10.00% SNPs processed.
[I::csp_fetch_core][Thread-19] 6.00% SNPs processed.
[I::csp_fetch_core][Thread-47] 18.00% SNPs processed.
[I::csp_fetch_core][Thread-17] 4.00% SNPs processed.
[I::csp_fetch_core][Thread-16] 12.00% SNPs processed.
[I::csp_fetch_core][Thread-33] 12.00% SNPs processed.
[I::csp_fetch_core][Thread-13] 14.00% SNPs processed.
[I::csp_fetch_core][Thread-31] 10.00% SNPs processed.
[I::csp_fetch_core][Thread-18] 14.00% SNPs processed.
[I::csp_fetch_core][Thread-32] 10.00% SNPs processed.
[I::csp_fetch_core][Thread-44] 6.00% SNPs processed.
[I::csp_fetch_core][Thread-11] 10.00% SNPs processed.
[I::csp_fetch_core][Thread-8] 8.00% SNPs processed.
[I::csp_fetch_core][Thread-12] 12.00% SNPs processed.
[I::csp_fetch_core][Thread-35] 16.00% SNPs processed.
[I::csp_fetch_core][Thread-25] 12.00% SNPs processed.
[I::csp_fetch_core][Thread-6] 8.00% SNPs processed.
[I::csp_fetch_core][Thread-34] 6.00% SNPs processed.
[I::csp_fetch_core][Thread-28] 12.00% SNPs processed.
[I::csp_fetch_core][Thread-38] 6.00% SNPs processed.
[I::csp_fetch_core][Thread-15] 8.00% SNPs processed.
[I::csp_fetch_core][Thread-9] 14.00% SNPs processed.
[I::csp_fetch_core][Thread-27] 4.00% SNPs processed.
[I::csp_fetch_core][Thread-46] 8.00% SNPs processed.
[I::csp_fetch_core][Thread-40] 4.00% SNPs processed.
[I::csp_fetch_core][Thread-3] 12.00% SNPs processed.
[I::csp_fetch_core][Thread-42] 10.00% SNPs processed.
[I::csp_fetch_core][Thread-0] 4.00% SNPs processed.
[I::csp_fetch_core][Thread-47] 20.00% SNPs processed.
[I::csp_fetch_core][Thread-14] 12.00% SNPs processed.
[I::csp_fetch_core][Thread-13] 16.00% SNPs processed.
[I::csp_fetch_core][Thread-18] 16.00% SNPs processed.
[I::csp_fetch_core][Thread-39] 10.00% SNPs processed.
[I::csp_fetch_core][Thread-33] 14.00% SNPs processed.
[I::csp_fetch_core][Thread-31] 12.00% SNPs processed.
[I::csp_fetch_core][Thread-24] 12.00% SNPs processed.
[I::csp_fetch_core][Thread-37] 12.00% SNPs processed.
[I::csp_fetch_core][Thread-16] 14.00% SNPs processed.
[I::csp_fetch_core][Thread-32] 12.00% SNPs processed.
[I::csp_fetch_core][Thread-19] 8.00% SNPs processed.
[I::csp_fetch_core][Thread-38] 8.00% SNPs processed.
[I::csp_fetch_core][Thread-28] 14.00% SNPs processed.
[I::csp_fetch_core][Thread-9] 16.00% SNPs processed.
[I::csp_fetch_core][Thread-6] 10.00% SNPs processed.
[I::csp_fetch_core][Thread-26] 8.00% SNPs processed.
[I::csp_fetch_core][Thread-35] 18.00% SNPs processed.
[I::csp_fetch_core][Thread-47] 22.00% SNPs processed.
[I::csp_fetch_core][Thread-40] 6.00% SNPs processed.
[I::csp_fetch_core][Thread-29] 6.00% SNPs processed.
[I::csp_fetch_core][Thread-23] 8.00% SNPs processed.
[I::csp_fetch_core][Thread-14] 14.00% SNPs processed.
[I::csp_fetch_core][Thread-36] 4.00% SNPs processed.
[I::csp_fetch_core][Thread-13] 18.00% SNPs processed.
[I::csp_fetch_core][Thread-11] 12.00% SNPs processed.
[I::csp_fetch_core][Thread-19] 10.00% SNPs processed.
[I::csp_fetch_core][Thread-18] 18.00% SNPs processed.
[I::csp_fetch_core][Thread-45] 8.00% SNPs processed.
[I::csp_fetch_core][Thread-42] 12.00% SNPs processed.
[I::csp_fetch_core][Thread-15] 10.00% SNPs processed.
[I::csp_fetch_core][Thread-46] 10.00% SNPs processed.
[I::csp_fetch_core][Thread-24] 14.00% SNPs processed.
[I::csp_fetch_core][Thread-31] 14.00% SNPs processed.
[I::csp_fetch_core][Thread-44] 8.00% SNPs processed.
[I::csp_fetch_core][Thread-28] 16.00% SNPs processed.
[I::csp_fetch_core][Thread-1] 10.00% SNPs processed.
[I::csp_fetch_core][Thread-37] 14.00% SNPs processed.
[I::csp_fetch_core][Thread-39] 12.00% SNPs processed.
[I::csp_fetch_core][Thread-3] 14.00% SNPs processed.
[I::csp_fetch_core][Thread-10] 6.00% SNPs processed.
[I::csp_fetch_core][Thread-16] 16.00% SNPs processed.
[I::csp_fetch_core][Thread-14] 16.00% SNPs processed.
[I::csp_fetch_core][Thread-12] 14.00% SNPs processed.
[I::csp_fetch_core][Thread-34] 8.00% SNPs processed.
[I::csp_fetch_core][Thread-18] 20.00% SNPs processed.
[I::csp_fetch_core][Thread-0] 6.00% SNPs processed.
[I::csp_fetch_core][Thread-46] 12.00% SNPs processed.
[I::csp_fetch_core][Thread-22] 6.00% SNPs processed.
[I::csp_fetch_core][Thread-9] 18.00% SNPs processed.
[I::csp_fetch_core][Thread-40] 8.00% SNPs processed.
[I::csp_fetch_core][Thread-42] 14.00% SNPs processed.
[I::csp_fetch_core][Thread-35] 20.00% SNPs processed.
[I::csp_fetch_core][Thread-24] 16.00% SNPs processed.
[I::csp_fetch_core][Thread-15] 12.00% SNPs processed.
[I::csp_fetch_core][Thread-19] 12.00% SNPs processed.
[I::csp_fetch_core][Thread-23] 10.00% SNPs processed.
[I::csp_fetch_core][Thread-17] 6.00% SNPs processed.
[I::csp_fetch_core][Thread-7] 10.00% SNPs processed.
[I::csp_fetch_core][Thread-27] 6.00% SNPs processed.
[I::csp_fetch_core][Thread-8] 10.00% SNPs processed.
[I::csp_fetch_core][Thread-44] 10.00% SNPs processed.
[I::csp_fetch_core][Thread-32] 14.00% SNPs processed.
[I::csp_fetch_core][Thread-14] 18.00% SNPs processed.
[I::csp_fetch_core][Thread-11] 14.00% SNPs processed.
[I::csp_fetch_core][Thread-29] 8.00% SNPs processed.
[I::csp_fetch_core][Thread-3] 16.00% SNPs processed.
[I::csp_fetch_core][Thread-26] 10.00% SNPs processed.
[I::csp_fetch_core][Thread-21] 10.00% SNPs processed.
[I::csp_fetch_core][Thread-30] 6.00% SNPs processed.
[I::csp_fetch_core][Thread-16] 18.00% SNPs processed.
[I::csp_fetch_core][Thread-33] 16.00% SNPs processed.
[I::csp_fetch_core][Thread-18] 22.00% SNPs processed.
[I::csp_fetch_core][Thread-28] 18.00% SNPs processed.
[I::csp_fetch_core][Thread-42] 16.00% SNPs processed.
[I::csp_fetch_core][Thread-0] 8.00% SNPs processed.
[I::csp_fetch_core][Thread-10] 8.00% SNPs processed.
[I::csp_fetch_core][Thread-40] 10.00% SNPs processed.
[I::csp_fetch_core][Thread-41] 6.00% SNPs processed.
[I::csp_fetch_core][Thread-39] 14.00% SNPs processed.
[I::csp_fetch_core][Thread-31] 16.00% SNPs processed.
[I::csp_fetch_core][Thread-4] 10.00% SNPs processed.
[I::csp_fetch_core][Thread-34] 10.00% SNPs processed.
[I::csp_fetch_core][Thread-9] 20.00% SNPs processed.
[I::csp_fetch_core][Thread-6] 12.00% SNPs processed.
[I::csp_fetch_core][Thread-21] 12.00% SNPs processed.
[I::csp_fetch_core][Thread-12] 16.00% SNPs processed.
[I::csp_fetch_core][Thread-42] 18.00% SNPs processed.
[I::csp_fetch_core][Thread-14] 20.00% SNPs processed.
[I::csp_fetch_core][Thread-44] 12.00% SNPs processed.
[I::csp_fetch_core][Thread-8] 12.00% SNPs processed.
[I::csp_fetch_core][Thread-1] 12.00% SNPs processed.
[I::csp_fetch_core][Thread-7] 12.00% SNPs processed.
[I::csp_fetch_core][Thread-24] 18.00% SNPs processed.
[I::csp_fetch_core][Thread-47] 24.00% SNPs processed.
[I::csp_fetch_core][Thread-2] 2.00% SNPs processed.
[I::csp_fetch_core][Thread-10] 10.00% SNPs processed.
[I::csp_fetch_core][Thread-37] 16.00% SNPs processed.
[I::csp_fetch_core][Thread-28] 20.00% SNPs processed.
[I::csp_fetch_core][Thread-13] 20.00% SNPs processed.
[I::csp_fetch_core][Thread-0] 10.00% SNPs processed.
[I::csp_fetch_core][Thread-32] 16.00% SNPs processed.
[I::csp_fetch_core][Thread-19] 14.00% SNPs processed.
[I::csp_fetch_core][Thread-31] 18.00% SNPs processed.
[I::csp_fetch_core][Thread-21] 14.00% SNPs processed.
[I::csp_fetch_core][Thread-17] 8.00% SNPs processed.
[I::csp_fetch_core][Thread-40] 12.00% SNPs processed.
[I::csp_fetch_core][Thread-29] 10.00% SNPs processed.
[I::csp_fetch_core][Thread-38] 10.00% SNPs processed.
[I::csp_fetch_core][Thread-42] 20.00% SNPs processed.
[I::csp_fetch_core][Thread-23] 12.00% SNPs processed.
[I::csp_fetch_core][Thread-14] 22.00% SNPs processed.
[I::csp_fetch_core][Thread-0] 12.00% SNPs processed.
[I::csp_fetch_core][Thread-3] 18.00% SNPs processed.
[I::csp_fetch_core][Thread-8] 14.00% SNPs processed.
[I::csp_fetch_core][Thread-30] 8.00% SNPs processed.
[I::csp_fetch_core][Thread-18] 24.00% SNPs processed.
[I::csp_fetch_core][Thread-1] 14.00% SNPs processed.
[I::csp_fetch_core][Thread-43] 4.00% SNPs processed.
[I::csp_fetch_core][Thread-15] 14.00% SNPs processed.
[I::csp_fetch_core][Thread-35] 22.00% SNPs processed.
[I::csp_fetch_core][Thread-47] 26.00% SNPs processed.
[I::csp_fetch_core][Thread-28] 22.00% SNPs processed.
[I::csp_fetch_core][Thread-21] 16.00% SNPs processed.
[I::csp_fetch_core][Thread-6] 14.00% SNPs processed.
[I::csp_fetch_core][Thread-29] 12.00% SNPs processed.
[I::csp_fetch_core][Thread-11] 16.00% SNPs processed.
[I::csp_fetch_core][Thread-21] 18.00% SNPs processed.
[I::csp_fetch_core][Thread-13] 22.00% SNPs processed.
[I::csp_fetch_core][Thread-18] 26.00% SNPs processed.
[I::csp_fetch_core][Thread-46] 14.00% SNPs processed.
[I::csp_fetch_core][Thread-42] 22.00% SNPs processed.
[I::csp_fetch_core][Thread-9] 22.00% SNPs processed.
[I::csp_fetch_core][Thread-23] 14.00% SNPs processed.
[I::csp_fetch_core][Thread-17] 10.00% SNPs processed.
[I::csp_fetch_core][Thread-30] 10.00% SNPs processed.
[I::csp_fetch_core][Thread-8] 16.00% SNPs processed.
[I::csp_fetch_core][Thread-14] 24.00% SNPs processed.
[I::csp_fetch_core][Thread-40] 14.00% SNPs processed.
[I::csp_fetch_core][Thread-41] 8.00% SNPs processed.
[I::csp_fetch_core][Thread-6] 16.00% SNPs processed.
[I::csp_fetch_core][Thread-37] 18.00% SNPs processed.
[I::csp_fetch_core][Thread-10] 12.00% SNPs processed.
[I::csp_fetch_core][Thread-36] 6.00% SNPs processed.
[I::csp_fetch_core][Thread-45] 10.00% SNPs processed.
[I::csp_fetch_core][Thread-42] 24.00% SNPs processed.
[I::csp_fetch_core][Thread-24] 20.00% SNPs processed.
[I::csp_fetch_core][Thread-19] 16.00% SNPs processed.
[I::csp_fetch_core][Thread-46] 16.00% SNPs processed.
[I::csp_fetch_core][Thread-28] 24.00% SNPs processed.
[I::csp_fetch_core][Thread-30] 12.00% SNPs processed.
[I::csp_fetch_core][Thread-18] 28.00% SNPs processed.
[I::csp_fetch_core][Thread-1] 16.00% SNPs processed.
[I::csp_fetch_core][Thread-6] 18.00% SNPs processed.
[I::csp_fetch_core][Thread-26] 12.00% SNPs processed.
[I::csp_fetch_core][Thread-15] 16.00% SNPs processed.
[I::csp_fetch_core][Thread-14] 26.00% SNPs processed.
[I::csp_fetch_core][Thread-29] 14.00% SNPs processed.
[I::csp_fetch_core][Thread-24] 22.00% SNPs processed.
[I::csp_fetch_core][Thread-23] 16.00% SNPs processed.
[I::csp_fetch_core][Thread-42] 26.00% SNPs processed.
[I::csp_fetch_core][Thread-47] 28.00% SNPs processed.
[I::csp_fetch_core][Thread-35] 24.00% SNPs processed.
[I::csp_fetch_core][Thread-46] 18.00% SNPs processed.
[I::csp_fetch_core][Thread-21] 20.00% SNPs processed.
[I::csp_fetch_core][Thread-30] 14.00% SNPs processed.
[I::csp_fetch_core][Thread-5] 14.00% SNPs processed.
[I::csp_fetch_core][Thread-17] 12.00% SNPs processed.
[I::csp_fetch_core][Thread-4] 12.00% SNPs processed.
[I::csp_fetch_core][Thread-32] 18.00% SNPs processed.
[I::csp_fetch_core][Thread-11] 18.00% SNPs processed.
[I::csp_fetch_core][Thread-3] 20.00% SNPs processed.
[I::csp_fetch_core][Thread-37] 20.00% SNPs processed.
[I::csp_fetch_core][Thread-13] 24.00% SNPs processed.
[I::csp_fetch_core][Thread-24] 24.00% SNPs processed.
[I::csp_fetch_core][Thread-16] 20.00% SNPs processed.
[I::csp_fetch_core][Thread-15] 18.00% SNPs processed.
[I::csp_fetch_core][Thread-14] 28.00% SNPs processed.
[I::csp_fetch_core][Thread-26] 14.00% SNPs processed.
[I::csp_fetch_core][Thread-10] 14.00% SNPs processed.
[I::csp_fetch_core][Thread-30] 16.00% SNPs processed.
[I::csp_fetch_core][Thread-42] 28.00% SNPs processed.
[I::csp_fetch_core][Thread-31] 20.00% SNPs processed.
[I::csp_fetch_core][Thread-46] 20.00% SNPs processed.
[I::csp_fetch_core][Thread-19] 18.00% SNPs processed.
[I::csp_fetch_core][Thread-47] 30.00% SNPs processed.
[I::csp_fetch_core][Thread-28] 26.00% SNPs processed.
[I::csp_fetch_core][Thread-38] 12.00% SNPs processed.
[I::csp_fetch_core][Thread-1] 18.00% SNPs processed.
[I::csp_fetch_core][Thread-35] 26.00% SNPs processed.
[I::csp_fetch_core][Thread-14] 30.00% SNPs processed.
[I::csp_fetch_core][Thread-8] 18.00% SNPs processed.
[I::csp_fetch_core][Thread-22] 8.00% SNPs processed.
[I::csp_fetch_core][Thread-34] 12.00% SNPs processed.
[I::csp_fetch_core][Thread-30] 18.00% SNPs processed.
[I::csp_fetch_core][Thread-12] 18.00% SNPs processed.
[I::csp_fetch_core][Thread-11] 20.00% SNPs processed.
[I::csp_fetch_core][Thread-6] 20.00% SNPs processed.
[I::csp_fetch_core][Thread-46] 22.00% SNPs processed.
[I::csp_fetch_core][Thread-4] 14.00% SNPs processed.
[I::csp_fetch_core][Thread-14] 32.00% SNPs processed.
[I::csp_fetch_core][Thread-29] 16.00% SNPs processed.
[I::csp_fetch_core][Thread-17] 14.00% SNPs processed.
[I::csp_fetch_core][Thread-1] 20.00% SNPs processed.
[I::csp_fetch_core][Thread-36] 8.00% SNPs processed.
[I::csp_fetch_core][Thread-42] 30.00% SNPs processed.
[I::csp_fetch_core][Thread-26] 16.00% SNPs processed.
[I::csp_fetch_core][Thread-28] 28.00% SNPs processed.
[I::csp_fetch_core][Thread-22] 10.00% SNPs processed.
[I::csp_fetch_core][Thread-11] 22.00% SNPs processed.
[I::csp_fetch_core][Thread-30] 20.00% SNPs processed.
[I::csp_fetch_core][Thread-13] 26.00% SNPs processed.
[I::csp_fetch_core][Thread-32] 20.00% SNPs processed.
[I::csp_fetch_core][Thread-24] 26.00% SNPs processed.
[I::csp_fetch_core][Thread-10] 16.00% SNPs processed.
[I::csp_fetch_core][Thread-33] 18.00% SNPs processed.
[I::csp_fetch_core][Thread-44] 14.00% SNPs processed.
[I::csp_fetch_core][Thread-35] 28.00% SNPs processed.
[I::csp_fetch_core][Thread-1] 22.00% SNPs processed.
[I::csp_fetch_core][Thread-6] 22.00% SNPs processed.
[I::csp_fetch_core][Thread-14] 34.00% SNPs processed.
[I::csp_fetch_core][Thread-23] 18.00% SNPs processed.
[I::csp_fetch_core][Thread-47] 32.00% SNPs processed.
[I::csp_fetch_core][Thread-28] 30.00% SNPs processed.
[I::csp_fetch_core][Thread-46] 24.00% SNPs processed.
[I::csp_fetch_core][Thread-8] 20.00% SNPs processed.
[I::csp_fetch_core][Thread-38] 14.00% SNPs processed.
[I::csp_fetch_core][Thread-45] 12.00% SNPs processed.
[I::csp_fetch_core][Thread-15] 20.00% SNPs processed.
[I::csp_fetch_core][Thread-26] 18.00% SNPs processed.
[I::csp_fetch_core][Thread-34] 14.00% SNPs processed.
[I::csp_fetch_core][Thread-35] 30.00% SNPs processed.
[I::csp_fetch_core][Thread-25] 14.00% SNPs processed.
[I::csp_fetch_core][Thread-4] 16.00% SNPs processed.
[I::csp_fetch_core][Thread-13] 28.00% SNPs processed.
[I::csp_fetch_core][Thread-11] 24.00% SNPs processed.
[I::csp_fetch_core][Thread-28] 32.00% SNPs processed.
[I::csp_fetch_core][Thread-35] 32.00% SNPs processed.
[I::csp_fetch_core][Thread-36] 10.00% SNPs processed.
[I::csp_fetch_core][Thread-17] 16.00% SNPs processed.
[I::csp_fetch_core][Thread-8] 22.00% SNPs processed.
[I::csp_fetch_core][Thread-46] 26.00% SNPs processed.
[I::csp_fetch_core][Thread-3] 22.00% SNPs processed.
[I::csp_fetch_core][Thread-19] 20.00% SNPs processed.
[I::csp_fetch_core][Thread-24] 28.00% SNPs processed.
[I::csp_fetch_core][Thread-12] 20.00% SNPs processed.
[I::csp_fetch_core][Thread-9] 24.00% SNPs processed.
[I::csp_fetch_core][Thread-26] 20.00% SNPs processed.
[I::csp_fetch_core][Thread-47] 34.00% SNPs processed.
[I::csp_fetch_core][Thread-32] 22.00% SNPs processed.
[I::csp_fetch_core][Thread-42] 32.00% SNPs processed.
[I::csp_fetch_core][Thread-16] 22.00% SNPs processed.
[I::csp_fetch_core][Thread-40] 16.00% SNPs processed.
[I::csp_fetch_core][Thread-45] 14.00% SNPs processed.
[I::csp_fetch_core][Thread-37] 22.00% SNPs processed.
[I::csp_fetch_core][Thread-20] 4.00% SNPs processed.
[I::csp_fetch_core][Thread-4] 18.00% SNPs processed.
[I::csp_fetch_core][Thread-22] 12.00% SNPs processed.
[I::csp_fetch_core][Thread-10] 18.00% SNPs processed.
[I::csp_fetch_core][Thread-35] 34.00% SNPs processed.
[I::csp_fetch_core][Thread-1] 24.00% SNPs processed.
[I::csp_fetch_core][Thread-14] 36.00% SNPs processed.
[I::csp_fetch_core][Thread-38] 16.00% SNPs processed.
[I::csp_fetch_core][Thread-28] 34.00% SNPs processed.
[I::csp_fetch_core][Thread-11] 26.00% SNPs processed.
[I::csp_fetch_core][Thread-17] 18.00% SNPs processed.
[I::csp_fetch_core][Thread-23] 20.00% SNPs processed.
[I::csp_fetch_core][Thread-46] 28.00% SNPs processed.
[I::csp_fetch_core][Thread-30] 22.00% SNPs processed.
[I::csp_fetch_core][Thread-9] 26.00% SNPs processed.
[I::csp_fetch_core][Thread-26] 22.00% SNPs processed.
[I::csp_fetch_core][Thread-24] 30.00% SNPs processed.
[I::csp_fetch_core][Thread-39] 16.00% SNPs processed.
[I::csp_fetch_core][Thread-33] 20.00% SNPs processed.
[I::csp_fetch_core][Thread-47] 36.00% SNPs processed.
[I::csp_fetch_core][Thread-37] 24.00% SNPs processed.
[I::csp_fetch_core][Thread-32] 24.00% SNPs processed.
[I::csp_fetch_core][Thread-44] 16.00% SNPs processed.
[I::csp_fetch_core][Thread-15] 22.00% SNPs processed.
[I::csp_fetch_core][Thread-17] 20.00% SNPs processed.
[I::csp_fetch_core][Thread-21] 22.00% SNPs processed.
[I::csp_fetch_core][Thread-35] 36.00% SNPs processed.
[I::csp_fetch_core][Thread-13] 30.00% SNPs processed.
[I::csp_fetch_core][Thread-8] 24.00% SNPs processed.
[I::csp_fetch_core][Thread-30] 24.00% SNPs processed.
[I::csp_fetch_core][Thread-12] 22.00% SNPs processed.
[I::csp_fetch_core][Thread-26] 24.00% SNPs processed.
[I::csp_fetch_core][Thread-42] 34.00% SNPs processed.
[I::csp_fetch_core][Thread-9] 28.00% SNPs processed.
[I::csp_fetch_core][Thread-11] 28.00% SNPs processed.
[I::csp_fetch_core][Thread-19] 22.00% SNPs processed.
[I::csp_fetch_core][Thread-14] 38.00% SNPs processed.
[I::csp_fetch_core][Thread-1] 26.00% SNPs processed.
[I::csp_fetch_core][Thread-46] 30.00% SNPs processed.
[I::csp_fetch_core][Thread-3] 24.00% SNPs processed.
[I::csp_fetch_core][Thread-10] 20.00% SNPs processed.
[I::csp_fetch_core][Thread-23] 22.00% SNPs processed.
[I::csp_fetch_core][Thread-38] 18.00% SNPs processed.
[I::csp_fetch_core][Thread-47] 38.00% SNPs processed.
[I::csp_fetch_core][Thread-0] 14.00% SNPs processed.
[I::csp_fetch_core][Thread-10] 22.00% SNPs processed.
[I::csp_fetch_core][Thread-37] 26.00% SNPs processed.
[I::csp_fetch_core][Thread-14] 40.00% SNPs processed.
[I::csp_fetch_core][Thread-34] 16.00% SNPs processed.
[I::csp_fetch_core][Thread-46] 32.00% SNPs processed.
[I::csp_fetch_core][Thread-40] 18.00% SNPs processed.
[I::csp_fetch_core][Thread-12] 24.00% SNPs processed.
[I::csp_fetch_core][Thread-11] 30.00% SNPs processed.
[I::csp_fetch_core][Thread-13] 32.00% SNPs processed.
[I::csp_fetch_core][Thread-35] 38.00% SNPs processed.
[I::csp_fetch_core][Thread-6] 24.00% SNPs processed.
[I::csp_fetch_core][Thread-4] 20.00% SNPs processed.
[I::csp_fetch_core][Thread-8] 26.00% SNPs processed.
[I::csp_fetch_core][Thread-27] 8.00% SNPs processed.
[I::csp_fetch_core][Thread-22] 14.00% SNPs processed.
[I::csp_fetch_core][Thread-47] 40.00% SNPs processed.
[I::csp_fetch_core][Thread-9] 30.00% SNPs processed.
[I::csp_fetch_core][Thread-14] 42.00% SNPs processed.
[I::csp_fetch_core][Thread-10] 24.00% SNPs processed.
[I::csp_fetch_core][Thread-7] 14.00% SNPs processed.
[I::csp_fetch_core][Thread-45] 16.00% SNPs processed.
[I::csp_fetch_core][Thread-42] 36.00% SNPs processed.
[I::csp_fetch_core][Thread-34] 18.00% SNPs processed.
[I::csp_fetch_core][Thread-16] 24.00% SNPs processed.
[I::csp_fetch_core][Thread-23] 24.00% SNPs processed.
[I::csp_fetch_core][Thread-12] 26.00% SNPs processed.
[I::csp_fetch_core][Thread-38] 20.00% SNPs processed.
[I::csp_fetch_core][Thread-36] 12.00% SNPs processed.
[I::csp_fetch_core][Thread-29] 18.00% SNPs processed.
[I::csp_fetch_core][Thread-35] 40.00% SNPs processed.
[I::csp_fetch_core][Thread-14] 44.00% SNPs processed.
[I::csp_fetch_core][Thread-33] 22.00% SNPs processed.
[I::csp_fetch_core][Thread-42] 38.00% SNPs processed.
[I::csp_fetch_core][Thread-0] 16.00% SNPs processed.
[I::csp_fetch_core][Thread-47] 42.00% SNPs processed.
[I::csp_fetch_core][Thread-24] 32.00% SNPs processed.
[I::csp_fetch_core][Thread-7] 16.00% SNPs processed.
[I::csp_fetch_core][Thread-26] 26.00% SNPs processed.
[I::csp_fetch_core][Thread-10] 26.00% SNPs processed.
[I::csp_fetch_core][Thread-17] 22.00% SNPs processed.
[I::csp_fetch_core][Thread-1] 28.00% SNPs processed.
[I::csp_fetch_core][Thread-39] 18.00% SNPs processed.
[I::csp_fetch_core][Thread-37] 28.00% SNPs processed.
[I::csp_fetch_core][Thread-38] 22.00% SNPs processed.
[I::csp_fetch_core][Thread-13] 34.00% SNPs processed.
[I::csp_fetch_core][Thread-2] 4.00% SNPs processed.
[I::csp_fetch_core][Thread-4] 22.00% SNPs processed.
[I::csp_fetch_core][Thread-11] 32.00% SNPs processed.
[I::csp_fetch_core][Thread-34] 20.00% SNPs processed.
[I::csp_fetch_core][Thread-9] 32.00% SNPs processed.
[I::csp_fetch_core][Thread-15] 24.00% SNPs processed.
[I::csp_fetch_core][Thread-30] 26.00% SNPs processed.
[I::csp_fetch_core][Thread-6] 26.00% SNPs processed.
[I::csp_fetch_core][Thread-46] 34.00% SNPs processed.
[I::csp_fetch_core][Thread-31] 22.00% SNPs processed.
[I::csp_fetch_core][Thread-14] 46.00% SNPs processed.
[I::csp_fetch_core][Thread-44] 18.00% SNPs processed.
[I::csp_fetch_core][Thread-45] 18.00% SNPs processed.
[I::csp_fetch_core][Thread-7] 18.00% SNPs processed.
[I::csp_fetch_core][Thread-36] 14.00% SNPs processed.
[I::csp_fetch_core][Thread-32] 26.00% SNPs processed.
[I::csp_fetch_core][Thread-47] 44.00% SNPs processed.
[I::csp_fetch_core][Thread-3] 26.00% SNPs processed.
[I::csp_fetch_core][Thread-29] 20.00% SNPs processed.
[I::csp_fetch_core][Thread-24] 34.00% SNPs processed.
[I::csp_fetch_core][Thread-35] 42.00% SNPs processed.
[I::csp_fetch_core][Thread-23] 26.00% SNPs processed.
[I::csp_fetch_core][Thread-13] 36.00% SNPs processed.
[I::csp_fetch_core][Thread-27] 10.00% SNPs processed.
[I::csp_fetch_core][Thread-38] 24.00% SNPs processed.
[I::csp_fetch_core][Thread-10] 28.00% SNPs processed.
[I::csp_fetch_core][Thread-42] 40.00% SNPs processed.
[I::csp_fetch_core][Thread-4] 24.00% SNPs processed.
[I::csp_fetch_core][Thread-40] 20.00% SNPs processed.
[I::csp_fetch_core][Thread-17] 24.00% SNPs processed.
[I::csp_fetch_core][Thread-1] 30.00% SNPs processed.
[I::csp_fetch_core][Thread-41] 10.00% SNPs processed.
[I::csp_fetch_core][Thread-14] 48.00% SNPs processed.
[I::csp_fetch_core][Thread-20] 6.00% SNPs processed.
[I::csp_fetch_core][Thread-47] 46.00% SNPs processed.
[I::csp_fetch_core][Thread-46] 36.00% SNPs processed.
[I::csp_fetch_core][Thread-39] 20.00% SNPs processed.
[I::csp_fetch_core][Thread-21] 24.00% SNPs processed.
[I::csp_fetch_core][Thread-4] 26.00% SNPs processed.
[I::csp_fetch_core][Thread-37] 30.00% SNPs processed.
[I::csp_fetch_core][Thread-26] 28.00% SNPs processed.
[I::csp_fetch_core][Thread-6] 28.00% SNPs processed.
[I::csp_fetch_core][Thread-38] 26.00% SNPs processed.
[I::csp_fetch_core][Thread-34] 22.00% SNPs processed.
[I::csp_fetch_core][Thread-31] 24.00% SNPs processed.
[I::csp_fetch_core][Thread-29] 22.00% SNPs processed.
[I::csp_fetch_core][Thread-44] 20.00% SNPs processed.
[I::csp_fetch_core][Thread-7] 20.00% SNPs processed.
[I::csp_fetch_core][Thread-27] 12.00% SNPs processed.
[I::csp_fetch_core][Thread-14] 50.00% SNPs processed.
[I::csp_fetch_core][Thread-9] 34.00% SNPs processed.
[I::csp_fetch_core][Thread-15] 26.00% SNPs processed.
[I::csp_fetch_core][Thread-1] 32.00% SNPs processed.
[I::csp_fetch_core][Thread-12] 28.00% SNPs processed.
[I::csp_fetch_core][Thread-42] 42.00% SNPs processed.
[I::csp_fetch_core][Thread-3] 28.00% SNPs processed.
[I::csp_fetch_core][Thread-39] 22.00% SNPs processed.
[I::csp_fetch_core][Thread-22] 16.00% SNPs processed.
[I::csp_fetch_core][Thread-33] 24.00% SNPs processed.
[I::csp_fetch_core][Thread-6] 30.00% SNPs processed.
[I::csp_fetch_core][Thread-38] 28.00% SNPs processed.
[I::csp_fetch_core][Thread-14] 52.00% SNPs processed.
[I::csp_fetch_core][Thread-35] 44.00% SNPs processed.
[I::csp_fetch_core][Thread-36] 16.00% SNPs processed.
[I::csp_fetch_core][Thread-16] 26.00% SNPs processed.
[I::csp_fetch_core][Thread-47] 48.00% SNPs processed.
[I::csp_fetch_core][Thread-20] 8.00% SNPs processed.
[I::csp_fetch_core][Thread-40] 22.00% SNPs processed.
[I::csp_fetch_core][Thread-4] 28.00% SNPs processed.
[I::csp_fetch_core][Thread-17] 26.00% SNPs processed.
[I::csp_fetch_core][Thread-29] 24.00% SNPs processed.
[I::csp_fetch_core][Thread-11] 34.00% SNPs processed.
[I::csp_fetch_core][Thread-10] 30.00% SNPs processed.
[I::csp_fetch_core][Thread-25] 16.00% SNPs processed.
[I::csp_fetch_core][Thread-46] 38.00% SNPs processed.
[I::csp_fetch_core][Thread-1] 34.00% SNPs processed.
[I::csp_fetch_core][Thread-23] 28.00% SNPs processed.
[I::csp_fetch_core][Thread-34] 24.00% SNPs processed.
[I::csp_fetch_core][Thread-30] 28.00% SNPs processed.
[I::csp_fetch_core][Thread-14] 54.00% SNPs processed.
[I::csp_fetch_core][Thread-7] 22.00% SNPs processed.
[I::csp_fetch_core][Thread-9] 36.00% SNPs processed.
[I::csp_fetch_core][Thread-32] 28.00% SNPs processed.
[I::csp_fetch_core][Thread-39] 24.00% SNPs processed.
[I::csp_fetch_core][Thread-28] 36.00% SNPs processed.
[I::csp_fetch_core][Thread-40] 24.00% SNPs processed.
[I::csp_fetch_core][Thread-26] 30.00% SNPs processed.
[I::csp_fetch_core][Thread-8] 28.00% SNPs processed.
[I::csp_fetch_core][Thread-35] 46.00% SNPs processed.
[I::csp_fetch_core][Thread-16] 28.00% SNPs processed.
[I::csp_fetch_core][Thread-3] 30.00% SNPs processed.
[I::csp_fetch_core][Thread-10] 32.00% SNPs processed.
[I::csp_fetch_core][Thread-14] 56.00% SNPs processed.
[I::csp_fetch_core][Thread-6] 32.00% SNPs processed.
[I::csp_fetch_core][Thread-11] 36.00% SNPs processed.
[I::csp_fetch_core][Thread-45] 20.00% SNPs processed.
[I::csp_fetch_core][Thread-24] 36.00% SNPs processed.
[I::csp_fetch_core][Thread-0] 18.00% SNPs processed.
[I::csp_fetch_core][Thread-1] 36.00% SNPs processed.
[I::csp_fetch_core][Thread-17] 28.00% SNPs processed.
[I::csp_fetch_core][Thread-30] 30.00% SNPs processed.
[I::csp_fetch_core][Thread-36] 18.00% SNPs processed.
[I::csp_fetch_core][Thread-9] 38.00% SNPs processed.
[I::csp_fetch_core][Thread-27] 14.00% SNPs processed.
[I::csp_fetch_core][Thread-32] 30.00% SNPs processed.
[I::csp_fetch_core][Thread-34] 26.00% SNPs processed.
[I::csp_fetch_core][Thread-31] 26.00% SNPs processed.
[I::csp_fetch_core][Thread-15] 28.00% SNPs processed.
[I::csp_fetch_core][Thread-39] 26.00% SNPs processed.
[I::csp_fetch_core][Thread-14] 58.00% SNPs processed.
[I::csp_fetch_core][Thread-11] 38.00% SNPs processed.
[I::csp_fetch_core][Thread-29] 26.00% SNPs processed.
[I::csp_fetch_core][Thread-46] 40.00% SNPs processed.
[I::csp_fetch_core][Thread-20] 10.00% SNPs processed.
[I::csp_fetch_core][Thread-30] 32.00% SNPs processed.
[I::csp_fetch_core][Thread-37] 32.00% SNPs processed.
[I::csp_fetch_core][Thread-6] 34.00% SNPs processed.
[I::csp_fetch_core][Thread-33] 26.00% SNPs processed.
[I::csp_fetch_core][Thread-21] 26.00% SNPs processed.
[I::csp_fetch_core][Thread-32] 32.00% SNPs processed.
[I::csp_fetch_core][Thread-38] 30.00% SNPs processed.
[I::csp_fetch_core][Thread-26] 32.00% SNPs processed.
[I::csp_fetch_core][Thread-31] 28.00% SNPs processed.
[I::csp_fetch_core][Thread-39] 28.00% SNPs processed.
[I::csp_fetch_core][Thread-7] 24.00% SNPs processed.
[I::csp_fetch_core][Thread-14] 60.00% SNPs processed.
[I::csp_fetch_core][Thread-30] 34.00% SNPs processed.
[I::csp_fetch_core][Thread-35] 48.00% SNPs processed.
[I::csp_fetch_core][Thread-16] 30.00% SNPs processed.
[I::csp_fetch_core][Thread-40] 26.00% SNPs processed.
[I::csp_fetch_core][Thread-46] 42.00% SNPs processed.
[I::csp_fetch_core][Thread-20] 12.00% SNPs processed.
[I::csp_fetch_core][Thread-11] 40.00% SNPs processed.
[I::csp_fetch_core][Thread-1] 38.00% SNPs processed.
[I::csp_fetch_core][Thread-12] 30.00% SNPs processed.
[I::csp_fetch_core][Thread-34] 28.00% SNPs processed.
[I::csp_fetch_core][Thread-13] 38.00% SNPs processed.
[I::csp_fetch_core][Thread-10] 34.00% SNPs processed.
[I::csp_fetch_core][Thread-23] 30.00% SNPs processed.
[I::csp_fetch_core][Thread-28] 38.00% SNPs processed.
[I::csp_fetch_core][Thread-18] 30.00% SNPs processed.
[I::csp_fetch_core][Thread-32] 34.00% SNPs processed.
[I::csp_fetch_core][Thread-31] 30.00% SNPs processed.
[I::csp_fetch_core][Thread-14] 62.00% SNPs processed.
[I::csp_fetch_core][Thread-17] 30.00% SNPs processed.
[I::csp_fetch_core][Thread-43] 6.00% SNPs processed.
[I::csp_fetch_core][Thread-6] 36.00% SNPs processed.
[I::csp_fetch_core][Thread-3] 32.00% SNPs processed.
[I::csp_fetch_core][Thread-38] 32.00% SNPs processed.
[I::csp_fetch_core][Thread-26] 34.00% SNPs processed.
[I::csp_fetch_core][Thread-7] 26.00% SNPs processed.
[I::csp_fetch_core][Thread-5] 16.00% SNPs processed.
[I::csp_fetch_core][Thread-33] 28.00% SNPs processed.
[I::csp_fetch_core][Thread-30] 36.00% SNPs processed.
[I::csp_fetch_core][Thread-39] 30.00% SNPs processed.
[I::csp_fetch_core][Thread-11] 42.00% SNPs processed.
[I::csp_fetch_core][Thread-21] 28.00% SNPs processed.
[I::csp_fetch_core][Thread-20] 14.00% SNPs processed.
[I::csp_fetch_core][Thread-9] 40.00% SNPs processed.
[I::csp_fetch_core][Thread-46] 44.00% SNPs processed.
[I::csp_fetch_core][Thread-12] 32.00% SNPs processed.
[I::csp_fetch_core][Thread-15] 30.00% SNPs processed.
[I::csp_fetch_core][Thread-25] 18.00% SNPs processed.
[I::csp_fetch_core][Thread-4] 30.00% SNPs processed.
[I::csp_fetch_core][Thread-29] 28.00% SNPs processed.
[I::csp_fetch_core][Thread-45] 22.00% SNPs processed.
[I::csp_fetch_core][Thread-14] 64.00% SNPs processed.
[I::csp_fetch_core][Thread-30] 38.00% SNPs processed.
[I::csp_fetch_core][Thread-11] 44.00% SNPs processed.
[I::csp_fetch_core][Thread-0] 20.00% SNPs processed.
[I::csp_fetch_core][Thread-32] 36.00% SNPs processed.
[I::csp_fetch_core][Thread-3] 34.00% SNPs processed.
[I::csp_fetch_core][Thread-13] 40.00% SNPs processed.
[I::csp_fetch_core][Thread-6] 38.00% SNPs processed.
[I::csp_fetch_core][Thread-35] 50.00% SNPs processed.
[I::csp_fetch_core][Thread-26] 36.00% SNPs processed.
[I::csp_fetch_core][Thread-10] 36.00% SNPs processed.
[I::csp_fetch_core][Thread-36] 20.00% SNPs processed.
[I::csp_fetch_core][Thread-25] 20.00% SNPs processed.
[I::csp_fetch_core][Thread-21] 30.00% SNPs processed.
[I::csp_fetch_core][Thread-29] 30.00% SNPs processed.
[I::csp_fetch_core][Thread-11] 46.00% SNPs processed.
[I::csp_fetch_core][Thread-19] 24.00% SNPs processed.
[I::csp_fetch_core][Thread-33] 30.00% SNPs processed.
[I::csp_fetch_core][Thread-39] 32.00% SNPs processed.
[I::csp_fetch_core][Thread-20] 16.00% SNPs processed.
[I::csp_fetch_core][Thread-18] 32.00% SNPs processed.
[I::csp_fetch_core][Thread-46] 46.00% SNPs processed.
[I::csp_fetch_core][Thread-7] 28.00% SNPs processed.
[I::csp_fetch_core][Thread-27] 16.00% SNPs processed.
[I::csp_fetch_core][Thread-17] 32.00% SNPs processed.
[I::csp_fetch_core][Thread-38] 34.00% SNPs processed.
[I::csp_fetch_core][Thread-31] 32.00% SNPs processed.
[I::csp_fetch_core][Thread-1] 40.00% SNPs processed.
[I::csp_fetch_core][Thread-11] 48.00% SNPs processed.
[I::csp_fetch_core][Thread-12] 34.00% SNPs processed.
[I::csp_fetch_core][Thread-3] 36.00% SNPs processed.
[I::csp_fetch_core][Thread-29] 32.00% SNPs processed.
[I::csp_fetch_core][Thread-35] 52.00% SNPs processed.
[I::csp_fetch_core][Thread-22] 18.00% SNPs processed.
[I::csp_fetch_core][Thread-8] 30.00% SNPs processed.
[I::csp_fetch_core][Thread-32] 38.00% SNPs processed.
[I::csp_fetch_core][Thread-18] 34.00% SNPs processed.
[I::csp_fetch_core][Thread-7] 30.00% SNPs processed.
[I::csp_fetch_core][Thread-44] 22.00% SNPs processed.
[I::csp_fetch_core][Thread-43] 8.00% SNPs processed.
[I::csp_fetch_core][Thread-13] 42.00% SNPs processed.
[I::csp_fetch_core][Thread-11] 50.00% SNPs processed.
[I::csp_fetch_core][Thread-30] 40.00% SNPs processed.
[I::csp_fetch_core][Thread-20] 18.00% SNPs processed.
[I::csp_fetch_core][Thread-26] 38.00% SNPs processed.
[I::csp_fetch_core][Thread-25] 22.00% SNPs processed.
[I::csp_fetch_core][Thread-37] 34.00% SNPs processed.
[I::csp_fetch_core][Thread-33] 32.00% SNPs processed.
[I::csp_fetch_core][Thread-4] 32.00% SNPs processed.
[I::csp_fetch_core][Thread-19] 26.00% SNPs processed.
[I::csp_fetch_core][Thread-5] 18.00% SNPs processed.
[I::csp_fetch_core][Thread-21] 32.00% SNPs processed.
[I::csp_fetch_core][Thread-9] 42.00% SNPs processed.
[I::csp_fetch_core][Thread-27] 18.00% SNPs processed.
[I::csp_fetch_core][Thread-31] 34.00% SNPs processed.
[I::csp_fetch_core][Thread-18] 36.00% SNPs processed.
[I::csp_fetch_core][Thread-32] 40.00% SNPs processed.
[I::csp_fetch_core][Thread-45] 24.00% SNPs processed.
[I::csp_fetch_core][Thread-0] 22.00% SNPs processed.
[I::csp_fetch_core][Thread-13] 44.00% SNPs processed.
[I::csp_fetch_core][Thread-22] 20.00% SNPs processed.
[I::csp_fetch_core][Thread-10] 38.00% SNPs processed.
[I::csp_fetch_core][Thread-29] 34.00% SNPs processed.
[I::csp_fetch_core][Thread-1] 42.00% SNPs processed.
[I::csp_fetch_core][Thread-11] 52.00% SNPs processed.
[I::csp_fetch_core][Thread-20] 20.00% SNPs processed.
[I::csp_fetch_core][Thread-25] 24.00% SNPs processed.
[I::csp_fetch_core][Thread-36] 22.00% SNPs processed.
[I::csp_fetch_core][Thread-8] 32.00% SNPs processed.
[I::csp_fetch_core][Thread-42] 44.00% SNPs processed.
[I::csp_fetch_core][Thread-33] 34.00% SNPs processed.
[I::csp_fetch_core][Thread-6] 40.00% SNPs processed.
[I::csp_fetch_core][Thread-21] 34.00% SNPs processed.
[I::csp_fetch_core][Thread-18] 38.00% SNPs processed.
[I::csp_fetch_core][Thread-12] 36.00% SNPs processed.
[I::csp_fetch_core][Thread-13] 46.00% SNPs processed.
[I::csp_fetch_core][Thread-14] 66.00% SNPs processed.
[I::csp_fetch_core][Thread-16] 32.00% SNPs processed.
[I::csp_fetch_core][Thread-20] 22.00% SNPs processed.
[I::csp_fetch_core][Thread-44] 24.00% SNPs processed.
[I::csp_fetch_core][Thread-19] 28.00% SNPs processed.
[I::csp_fetch_core][Thread-4] 34.00% SNPs processed.
[I::csp_fetch_core][Thread-17] 34.00% SNPs processed.
[I::csp_fetch_core][Thread-1] 44.00% SNPs processed.
[I::csp_fetch_core][Thread-10] 40.00% SNPs processed.
[I::csp_fetch_core][Thread-7] 32.00% SNPs processed.
[I::csp_fetch_core][Thread-36] 24.00% SNPs processed.
[I::csp_fetch_core][Thread-21] 36.00% SNPs processed.
[I::csp_fetch_core][Thread-13] 48.00% SNPs processed.
[I::csp_fetch_core][Thread-28] 40.00% SNPs processed.
[I::csp_fetch_core][Thread-30] 42.00% SNPs processed.
[I::csp_fetch_core][Thread-5] 20.00% SNPs processed.
[I::csp_fetch_core][Thread-34] 30.00% SNPs processed.
[I::csp_fetch_core][Thread-26] 40.00% SNPs processed.
[I::csp_fetch_core][Thread-14] 68.00% SNPs processed.
[I::csp_fetch_core][Thread-11] 54.00% SNPs processed.
[I::csp_fetch_core][Thread-23] 32.00% SNPs processed.
[I::csp_fetch_core][Thread-31] 36.00% SNPs processed.
[I::csp_fetch_core][Thread-25] 26.00% SNPs processed.
[I::csp_fetch_core][Thread-17] 36.00% SNPs processed.
[I::csp_fetch_core][Thread-3] 38.00% SNPs processed.
[I::csp_fetch_core][Thread-39] 34.00% SNPs processed.
[I::csp_fetch_core][Thread-20] 24.00% SNPs processed.
[I::csp_fetch_core][Thread-32] 42.00% SNPs processed.
[I::csp_fetch_core][Thread-8] 34.00% SNPs processed.
[I::csp_fetch_core][Thread-33] 36.00% SNPs processed.
[I::csp_fetch_core][Thread-45] 26.00% SNPs processed.
[I::csp_fetch_core][Thread-47] 50.00% SNPs processed.
[I::csp_fetch_core][Thread-41] 12.00% SNPs processed.
[I::csp_fetch_core][Thread-21] 38.00% SNPs processed.
[I::csp_fetch_core][Thread-44] 26.00% SNPs processed.
[I::csp_fetch_core][Thread-27] 20.00% SNPs processed.
[I::csp_fetch_core][Thread-4] 36.00% SNPs processed.
[I::csp_fetch_core][Thread-12] 38.00% SNPs processed.
[I::csp_fetch_core][Thread-5] 22.00% SNPs processed.
[I::csp_fetch_core][Thread-10] 42.00% SNPs processed.
[I::csp_fetch_core][Thread-14] 70.00% SNPs processed.
[I::csp_fetch_core][Thread-23] 34.00% SNPs processed.
[I::csp_fetch_core][Thread-31] 38.00% SNPs processed.
[I::csp_fetch_core][Thread-15] 32.00% SNPs processed.
[I::csp_fetch_core][Thread-9] 44.00% SNPs processed.
[I::csp_fetch_core][Thread-20] 26.00% SNPs processed.
[I::csp_fetch_core][Thread-47] 52.00% SNPs processed.
[I::csp_fetch_core][Thread-37] 36.00% SNPs processed.
[I::csp_fetch_core][Thread-22] 22.00% SNPs processed.
[I::csp_fetch_core][Thread-13] 50.00% SNPs processed.
[I::csp_fetch_core][Thread-21] 40.00% SNPs processed.
[I::csp_fetch_core][Thread-25] 28.00% SNPs processed.
[I::csp_fetch_core][Thread-10] 44.00% SNPs processed.
[I::csp_fetch_core][Thread-27] 22.00% SNPs processed.
[I::csp_fetch_core][Thread-0] 24.00% SNPs processed.
[I::csp_fetch_core][Thread-29] 36.00% SNPs processed.
[I::csp_fetch_core][Thread-4] 38.00% SNPs processed.
[I::csp_fetch_core][Thread-47] 54.00% SNPs processed.
[I::csp_fetch_core][Thread-32] 44.00% SNPs processed.
[I::csp_fetch_core][Thread-18] 40.00% SNPs processed.
[I::csp_fetch_core][Thread-11] 56.00% SNPs processed.
[I::csp_fetch_core][Thread-13] 52.00% SNPs processed.
[I::csp_fetch_core][Thread-17] 38.00% SNPs processed.
[I::csp_fetch_core][Thread-44] 28.00% SNPs processed.
[I::csp_fetch_core][Thread-23] 36.00% SNPs processed.
[I::csp_fetch_core][Thread-26] 42.00% SNPs processed.
[I::csp_fetch_core][Thread-13] 54.00% SNPs processed.
[I::csp_fetch_core][Thread-35] 54.00% SNPs processed.
[I::csp_fetch_core][Thread-19] 30.00% SNPs processed.
[I::csp_fetch_core][Thread-8] 36.00% SNPs processed.
[I::csp_fetch_core][Thread-12] 40.00% SNPs processed.
[I::csp_fetch_core][Thread-16] 34.00% SNPs processed.
[I::csp_fetch_core][Thread-41] 14.00% SNPs processed.
[I::csp_fetch_core][Thread-15] 34.00% SNPs processed.
[I::csp_fetch_core][Thread-13] 56.00% SNPs processed.
[I::csp_fetch_core][Thread-34] 32.00% SNPs processed.
[I::csp_fetch_core][Thread-30] 44.00% SNPs processed.
[I::csp_fetch_core][Thread-40] 28.00% SNPs processed.
[I::csp_fetch_core][Thread-27] 24.00% SNPs processed.
[I::csp_fetch_core][Thread-14] 72.00% SNPs processed.
[I::csp_fetch_core][Thread-39] 36.00% SNPs processed.
[I::csp_fetch_core][Thread-18] 42.00% SNPs processed.
[I::csp_fetch_core][Thread-0] 26.00% SNPs processed.
[I::csp_fetch_core][Thread-3] 40.00% SNPs processed.
[I::csp_fetch_core][Thread-6] 42.00% SNPs processed.
[I::csp_fetch_core][Thread-23] 38.00% SNPs processed.
[I::csp_fetch_core][Thread-45] 28.00% SNPs processed.
[I::csp_fetch_core][Thread-1] 46.00% SNPs processed.
[I::csp_fetch_core][Thread-10] 46.00% SNPs processed.
[I::csp_fetch_core][Thread-17] 40.00% SNPs processed.
[I::csp_fetch_core][Thread-5] 24.00% SNPs processed.
[I::csp_fetch_core][Thread-32] 46.00% SNPs processed.
[I::csp_fetch_core][Thread-33] 38.00% SNPs processed.
[I::csp_fetch_core][Thread-29] 38.00% SNPs processed.
[I::csp_fetch_core][Thread-44] 30.00% SNPs processed.
[I::csp_fetch_core][Thread-46] 48.00% SNPs processed.
[I::csp_fetch_core][Thread-20] 28.00% SNPs processed.
[I::csp_fetch_core][Thread-13] 58.00% SNPs processed.
[I::csp_fetch_core][Thread-21] 42.00% SNPs processed.
[I::csp_fetch_core][Thread-36] 26.00% SNPs processed.
[I::csp_fetch_core][Thread-29] 40.00% SNPs processed.
[I::csp_fetch_core][Thread-12] 42.00% SNPs processed.
[I::csp_fetch_core][Thread-26] 44.00% SNPs processed.
[I::csp_fetch_core][Thread-17] 42.00% SNPs processed.
[I::csp_fetch_core][Thread-19] 32.00% SNPs processed.
[I::csp_fetch_core][Thread-41] 16.00% SNPs processed.
[I::csp_fetch_core][Thread-31] 40.00% SNPs processed.
[I::csp_fetch_core][Thread-23] 40.00% SNPs processed.
[I::csp_fetch_core][Thread-34] 34.00% SNPs processed.
[I::csp_fetch_core][Thread-6] 44.00% SNPs processed.
[I::csp_fetch_core][Thread-13] 60.00% SNPs processed.
[I::csp_fetch_core][Thread-44] 32.00% SNPs processed.
[I::csp_fetch_core][Thread-42] 46.00% SNPs processed.
[I::csp_fetch_core][Thread-18] 44.00% SNPs processed.
[I::csp_fetch_core][Thread-8] 38.00% SNPs processed.
[I::csp_fetch_core][Thread-3] 42.00% SNPs processed.
[I::csp_fetch_core][Thread-10] 48.00% SNPs processed.
[I::csp_fetch_core][Thread-45] 30.00% SNPs processed.
[I::csp_fetch_core][Thread-16] 36.00% SNPs processed.
[I::csp_fetch_core][Thread-9] 46.00% SNPs processed.
[I::csp_fetch_core][Thread-15] 36.00% SNPs processed.
[I::csp_fetch_core][Thread-25] 30.00% SNPs processed.
[I::csp_fetch_core][Thread-17] 44.00% SNPs processed.
[I::csp_fetch_core][Thread-39] 38.00% SNPs processed.
[I::csp_fetch_core][Thread-12] 44.00% SNPs processed.
[I::csp_fetch_core][Thread-0] 28.00% SNPs processed.
[I::csp_fetch_core][Thread-27] 26.00% SNPs processed.
[I::csp_fetch_core][Thread-1] 48.00% SNPs processed.
[I::csp_fetch_core][Thread-23] 42.00% SNPs processed.
[I::csp_fetch_core][Thread-4] 40.00% SNPs processed.
[I::csp_fetch_core][Thread-22] 24.00% SNPs processed.
[I::csp_fetch_core][Thread-21] 44.00% SNPs processed.
[I::csp_fetch_core][Thread-14] 74.00% SNPs processed.
[I::csp_fetch_core][Thread-3] 44.00% SNPs processed.
[I::csp_fetch_core][Thread-13] 62.00% SNPs processed.
[I::csp_fetch_core][Thread-41] 18.00% SNPs processed.
[I::csp_fetch_core][Thread-29] 42.00% SNPs processed.
[I::csp_fetch_core][Thread-20] 30.00% SNPs processed.
[I::csp_fetch_core][Thread-44] 34.00% SNPs processed.
[I::csp_fetch_core][Thread-46] 50.00% SNPs processed.
[I::csp_fetch_core][Thread-12] 46.00% SNPs processed.
[I::csp_fetch_core][Thread-5] 26.00% SNPs processed.
[I::csp_fetch_core][Thread-18] 46.00% SNPs processed.
[I::csp_fetch_core][Thread-26] 46.00% SNPs processed.
[I::csp_fetch_core][Thread-47] 56.00% SNPs processed.
[I::csp_fetch_core][Thread-19] 34.00% SNPs processed.
[I::csp_fetch_core][Thread-13] 64.00% SNPs processed.
[I::csp_fetch_core][Thread-3] 46.00% SNPs processed.
[I::csp_fetch_core][Thread-16] 38.00% SNPs processed.
[I::csp_fetch_core][Thread-21] 46.00% SNPs processed.
[I::csp_fetch_core][Thread-45] 32.00% SNPs processed.
[I::csp_fetch_core][Thread-10] 50.00% SNPs processed.
[I::csp_fetch_core][Thread-44] 36.00% SNPs processed.
[I::csp_fetch_core][Thread-46] 52.00% SNPs processed.
[I::csp_fetch_core][Thread-40] 30.00% SNPs processed.
[I::csp_fetch_core][Thread-47] 58.00% SNPs processed.
[I::csp_fetch_core][Thread-0] 30.00% SNPs processed.
[I::csp_fetch_core][Thread-39] 40.00% SNPs processed.
[I::csp_fetch_core][Thread-32] 48.00% SNPs processed.
[I::csp_fetch_core][Thread-7] 34.00% SNPs processed.
[I::csp_fetch_core][Thread-13] 66.00% SNPs processed.
[I::csp_fetch_core][Thread-33] 40.00% SNPs processed.
[I::csp_fetch_core][Thread-27] 28.00% SNPs processed.
[I::csp_fetch_core][Thread-18] 48.00% SNPs processed.
[I::csp_fetch_core][Thread-25] 32.00% SNPs processed.
[I::csp_fetch_core][Thread-6] 46.00% SNPs processed.
[I::csp_fetch_core][Thread-3] 48.00% SNPs processed.
[I::csp_fetch_core][Thread-29] 44.00% SNPs processed.
[I::csp_fetch_core][Thread-30] 46.00% SNPs processed.
[I::csp_fetch_core][Thread-16] 40.00% SNPs processed.
[I::csp_fetch_core][Thread-24] 38.00% SNPs processed.
[I::csp_fetch_core][Thread-19] 36.00% SNPs processed.
[I::csp_fetch_core][Thread-9] 48.00% SNPs processed.
[I::csp_fetch_core][Thread-47] 60.00% SNPs processed.
[I::csp_fetch_core][Thread-39] 42.00% SNPs processed.
[I::csp_fetch_core][Thread-36] 28.00% SNPs processed.
[I::csp_fetch_core][Thread-4] 42.00% SNPs processed.
[I::csp_fetch_core][Thread-5] 28.00% SNPs processed.
[I::csp_fetch_core][Thread-35] 56.00% SNPs processed.
[I::csp_fetch_core][Thread-20] 32.00% SNPs processed.
[I::csp_fetch_core][Thread-8] 40.00% SNPs processed.
[I::csp_fetch_core][Thread-21] 48.00% SNPs processed.
[I::csp_fetch_core][Thread-1] 50.00% SNPs processed.
[I::csp_fetch_core][Thread-26] 48.00% SNPs processed.
[I::csp_fetch_core][Thread-10] 52.00% SNPs processed.
[I::csp_fetch_core][Thread-9] 50.00% SNPs processed.
[I::csp_fetch_core][Thread-3] 50.00% SNPs processed.
[I::csp_fetch_core][Thread-12] 48.00% SNPs processed.
[I::csp_fetch_core][Thread-19] 38.00% SNPs processed.
[I::csp_fetch_core][Thread-22] 26.00% SNPs processed.
[I::csp_fetch_core][Thread-33] 42.00% SNPs processed.
[I::csp_fetch_core][Thread-15] 38.00% SNPs processed.
[I::csp_fetch_core][Thread-47] 62.00% SNPs processed.
[I::csp_fetch_core][Thread-46] 54.00% SNPs processed.
[I::csp_fetch_core][Thread-45] 34.00% SNPs processed.
[I::csp_fetch_core][Thread-25] 34.00% SNPs processed.
[I::csp_fetch_core][Thread-16] 42.00% SNPs processed.
[I::csp_fetch_core][Thread-43] 10.00% SNPs processed.
[I::csp_fetch_core][Thread-13] 68.00% SNPs processed.
[I::csp_fetch_core][Thread-12] 50.00% SNPs processed.
[I::csp_fetch_core][Thread-18] 50.00% SNPs processed.
[I::csp_fetch_core][Thread-40] 32.00% SNPs processed.
[I::csp_fetch_core][Thread-25] 36.00% SNPs processed.
[I::csp_fetch_core][Thread-23] 44.00% SNPs processed.
[I::csp_fetch_core][Thread-20] 34.00% SNPs processed.
[I::csp_fetch_core][Thread-11] 58.00% SNPs processed.
[I::csp_fetch_core][Thread-10] 54.00% SNPs processed.
[I::csp_fetch_core][Thread-46] 56.00% SNPs processed.
[I::csp_fetch_core][Thread-36] 30.00% SNPs processed.
[I::csp_fetch_core][Thread-3] 52.00% SNPs processed.
[I::csp_fetch_core][Thread-12] 52.00% SNPs processed.
[I::csp_fetch_core][Thread-4] 44.00% SNPs processed.
[I::csp_fetch_core][Thread-9] 52.00% SNPs processed.
[I::csp_fetch_core][Thread-5] 30.00% SNPs processed.
[I::csp_fetch_core][Thread-40] 34.00% SNPs processed.
[I::csp_fetch_core][Thread-25] 38.00% SNPs processed.
[I::csp_fetch_core][Thread-33] 44.00% SNPs processed.
[I::csp_fetch_core][Thread-18] 52.00% SNPs processed.
[I::csp_fetch_core][Thread-19] 40.00% SNPs processed.
[I::csp_fetch_core][Thread-47] 64.00% SNPs processed.
[I::csp_fetch_core][Thread-13] 70.00% SNPs processed.
[I::csp_fetch_core][Thread-26] 50.00% SNPs processed.
[I::csp_fetch_core][Thread-31] 42.00% SNPs processed.
[I::csp_fetch_core][Thread-20] 36.00% SNPs processed.
[I::csp_fetch_core][Thread-23] 46.00% SNPs processed.
[I::csp_fetch_core][Thread-39] 44.00% SNPs processed.
[I::csp_fetch_core][Thread-0] 32.00% SNPs processed.
[I::csp_fetch_core][Thread-6] 48.00% SNPs processed.
[I::csp_fetch_core][Thread-25] 40.00% SNPs processed.
[I::csp_fetch_core][Thread-13] 72.00% SNPs processed.
[I::csp_fetch_core][Thread-42] 48.00% SNPs processed.
[I::csp_fetch_core][Thread-40] 36.00% SNPs processed.
[I::csp_fetch_core][Thread-16] 44.00% SNPs processed.
[I::csp_fetch_core][Thread-21] 50.00% SNPs processed.
[I::csp_fetch_core][Thread-46] 58.00% SNPs processed.
[I::csp_fetch_core][Thread-25] 42.00% SNPs processed.
[I::csp_fetch_core][Thread-20] 38.00% SNPs processed.
[I::csp_fetch_core][Thread-11] 60.00% SNPs processed.
[I::csp_fetch_core][Thread-4] 46.00% SNPs processed.
[I::csp_fetch_core][Thread-47] 66.00% SNPs processed.
[I::csp_fetch_core][Thread-23] 48.00% SNPs processed.
[I::csp_fetch_core][Thread-13] 74.00% SNPs processed.
[I::csp_fetch_core][Thread-25] 44.00% SNPs processed.
[I::csp_fetch_core][Thread-15] 40.00% SNPs processed.
[I::csp_fetch_core][Thread-3] 54.00% SNPs processed.
[I::csp_fetch_core][Thread-12] 54.00% SNPs processed.
[I::csp_fetch_core][Thread-36] 32.00% SNPs processed.
[I::csp_fetch_core][Thread-2] 6.00% SNPs processed.
[I::csp_fetch_core][Thread-6] 50.00% SNPs processed.
[I::csp_fetch_core][Thread-17] 46.00% SNPs processed.
[I::csp_fetch_core][Thread-18] 54.00% SNPs processed.
[I::csp_fetch_core][Thread-32] 50.00% SNPs processed.
[I::csp_fetch_core][Thread-0] 34.00% SNPs processed.
[I::csp_fetch_core][Thread-16] 46.00% SNPs processed.
[I::csp_fetch_core][Thread-46] 60.00% SNPs processed.
[I::csp_fetch_core][Thread-10] 56.00% SNPs processed.
[I::csp_fetch_core][Thread-24] 40.00% SNPs processed.
[I::csp_fetch_core][Thread-5] 32.00% SNPs processed.
[I::csp_fetch_core][Thread-25] 46.00% SNPs processed.
[I::csp_fetch_core][Thread-15] 42.00% SNPs processed.
[I::csp_fetch_core][Thread-21] 52.00% SNPs processed.
[I::csp_fetch_core][Thread-14] 76.00% SNPs processed.
[I::csp_fetch_core][Thread-47] 68.00% SNPs processed.
[I::csp_fetch_core][Thread-46] 62.00% SNPs processed.
[I::csp_fetch_core][Thread-11] 62.00% SNPs processed.
[I::csp_fetch_core][Thread-33] 46.00% SNPs processed.
[I::csp_fetch_core][Thread-5] 34.00% SNPs processed.
[I::csp_fetch_core][Thread-22] 28.00% SNPs processed.
[I::csp_fetch_core][Thread-34] 36.00% SNPs processed.
[I::csp_fetch_core][Thread-19] 42.00% SNPs processed.
[I::csp_fetch_core][Thread-26] 52.00% SNPs processed.
[I::csp_fetch_core][Thread-0] 36.00% SNPs processed.
[I::csp_fetch_core][Thread-15] 44.00% SNPs processed.
[I::csp_fetch_core][Thread-25] 48.00% SNPs processed.
[I::csp_fetch_core][Thread-13] 76.00% SNPs processed.
[I::csp_fetch_core][Thread-42] 50.00% SNPs processed.
[I::csp_fetch_core][Thread-5] 36.00% SNPs processed.
[I::csp_fetch_core][Thread-11] 64.00% SNPs processed.
[I::csp_fetch_core][Thread-45] 36.00% SNPs processed.
[I::csp_fetch_core][Thread-9] 54.00% SNPs processed.
[I::csp_fetch_core][Thread-39] 46.00% SNPs processed.
[I::csp_fetch_core][Thread-28] 42.00% SNPs processed.
[I::csp_fetch_core][Thread-16] 48.00% SNPs processed.
[I::csp_fetch_core][Thread-46] 64.00% SNPs processed.
[I::csp_fetch_core][Thread-26] 54.00% SNPs processed.
[I::csp_fetch_core][Thread-23] 50.00% SNPs processed.
[I::csp_fetch_core][Thread-22] 30.00% SNPs processed.
[I::csp_fetch_core][Thread-47] 70.00% SNPs processed.
[I::csp_fetch_core][Thread-44] 38.00% SNPs processed.
[I::csp_fetch_core][Thread-7] 36.00% SNPs processed.
[I::csp_fetch_core][Thread-6] 52.00% SNPs processed.
[I::csp_fetch_core][Thread-20] 40.00% SNPs processed.
[I::csp_fetch_core][Thread-27] 30.00% SNPs processed.
[I::csp_fetch_core][Thread-35] 58.00% SNPs processed.
[I::csp_fetch_core][Thread-26] 56.00% SNPs processed.
[I::csp_fetch_core][Thread-1] 52.00% SNPs processed.
[I::csp_fetch_core][Thread-10] 58.00% SNPs processed.
[I::csp_fetch_core][Thread-11] 66.00% SNPs processed.
[I::csp_fetch_core][Thread-21] 54.00% SNPs processed.
[I::csp_fetch_core][Thread-39] 48.00% SNPs processed.
[I::csp_fetch_core][Thread-5] 38.00% SNPs processed.
[I::csp_fetch_core][Thread-38] 36.00% SNPs processed.
[I::csp_fetch_core][Thread-18] 56.00% SNPs processed.
[I::csp_fetch_core][Thread-22] 32.00% SNPs processed.
[I::csp_fetch_core][Thread-26] 58.00% SNPs processed.
[I::csp_fetch_core][Thread-15] 46.00% SNPs processed.
[I::csp_fetch_core][Thread-25] 50.00% SNPs processed.
[I::csp_fetch_core][Thread-13] 78.00% SNPs processed.
[I::csp_fetch_core][Thread-12] 56.00% SNPs processed.
[I::csp_fetch_core][Thread-19] 44.00% SNPs processed.
[I::csp_fetch_core][Thread-5] 40.00% SNPs processed.
[I::csp_fetch_core][Thread-46] 66.00% SNPs processed.
[I::csp_fetch_core][Thread-32] 52.00% SNPs processed.
[I::csp_fetch_core][Thread-11] 68.00% SNPs processed.
[I::csp_fetch_core][Thread-23] 52.00% SNPs processed.
[I::csp_fetch_core][Thread-39] 50.00% SNPs processed.
[I::csp_fetch_core][Thread-17] 48.00% SNPs processed.
[I::csp_fetch_core][Thread-44] 40.00% SNPs processed.
[I::csp_fetch_core][Thread-47] 72.00% SNPs processed.
[I::csp_fetch_core][Thread-4] 48.00% SNPs processed.
[I::csp_fetch_core][Thread-22] 34.00% SNPs processed.
[I::csp_fetch_core][Thread-13] 80.00% SNPs processed.
[I::csp_fetch_core][Thread-6] 54.00% SNPs processed.
[I::csp_fetch_core][Thread-45] 38.00% SNPs processed.
[I::csp_fetch_core][Thread-20] 42.00% SNPs processed.
[I::csp_fetch_core][Thread-8] 42.00% SNPs processed.
[I::csp_fetch_core][Thread-33] 48.00% SNPs processed.
[I::csp_fetch_core][Thread-1] 54.00% SNPs processed.
[I::csp_fetch_core][Thread-26] 60.00% SNPs processed.
[I::csp_fetch_core][Thread-21] 56.00% SNPs processed.
[I::csp_fetch_core][Thread-31] 44.00% SNPs processed.
[I::csp_fetch_core][Thread-19] 46.00% SNPs processed.
[I::csp_fetch_core][Thread-11] 70.00% SNPs processed.
[I::csp_fetch_core][Thread-23] 54.00% SNPs processed.
[I::csp_fetch_core][Thread-13] 82.00% SNPs processed.
[I::csp_fetch_core][Thread-36] 34.00% SNPs processed.
[I::csp_fetch_core][Thread-44] 42.00% SNPs processed.
[I::csp_fetch_core][Thread-25] 52.00% SNPs processed.
[I::csp_fetch_core][Thread-41] 20.00% SNPs processed.
[I::csp_fetch_core][Thread-15] 48.00% SNPs processed.
[I::csp_fetch_core][Thread-12] 58.00% SNPs processed.
[I::csp_fetch_core][Thread-27] 32.00% SNPs processed.
[I::csp_fetch_core][Thread-14] 78.00% SNPs processed.
[I::csp_fetch_core][Thread-39] 52.00% SNPs processed.
[I::csp_fetch_core][Thread-7] 38.00% SNPs processed.
[I::csp_fetch_core][Thread-10] 60.00% SNPs processed.
[I::csp_fetch_core][Thread-1] 56.00% SNPs processed.
[I::csp_fetch_core][Thread-47] 74.00% SNPs processed.
[I::csp_fetch_core][Thread-5] 42.00% SNPs processed.
[I::csp_fetch_core][Thread-18] 58.00% SNPs processed.
[I::csp_fetch_core][Thread-9] 56.00% SNPs processed.
[I::csp_fetch_core][Thread-13] 84.00% SNPs processed.
[I::csp_fetch_core][Thread-6] 56.00% SNPs processed.
[I::csp_fetch_core][Thread-41] 22.00% SNPs processed.
[I::csp_fetch_core][Thread-22] 36.00% SNPs processed.
[I::csp_fetch_core][Thread-17] 50.00% SNPs processed.
[I::csp_fetch_core][Thread-20] 44.00% SNPs processed.
[I::csp_fetch_core][Thread-19] 48.00% SNPs processed.
[I::csp_fetch_core][Thread-31] 46.00% SNPs processed.
[I::csp_fetch_core][Thread-15] 50.00% SNPs processed.
[I::csp_fetch_core][Thread-2] 8.00% SNPs processed.
[I::csp_fetch_core][Thread-26] 62.00% SNPs processed.
[I::csp_fetch_core][Thread-42] 52.00% SNPs processed.
[I::csp_fetch_core][Thread-13] 86.00% SNPs processed.
[I::csp_fetch_core][Thread-18] 60.00% SNPs processed.
[I::csp_fetch_core][Thread-21] 58.00% SNPs processed.
[I::csp_fetch_core][Thread-4] 50.00% SNPs processed.
[I::csp_fetch_core][Thread-23] 56.00% SNPs processed.
[I::csp_fetch_core][Thread-25] 54.00% SNPs processed.
[I::csp_fetch_core][Thread-47] 76.00% SNPs processed.
[I::csp_fetch_core][Thread-7] 40.00% SNPs processed.
[I::csp_fetch_core][Thread-40] 38.00% SNPs processed.
[I::csp_fetch_core][Thread-46] 68.00% SNPs processed.
[I::csp_fetch_core][Thread-41] 24.00% SNPs processed.
[I::csp_fetch_core][Thread-24] 42.00% SNPs processed.
[I::csp_fetch_core][Thread-13] 88.00% SNPs processed.
[I::csp_fetch_core][Thread-17] 52.00% SNPs processed.
[I::csp_fetch_core][Thread-18] 62.00% SNPs processed.
[I::csp_fetch_core][Thread-12] 60.00% SNPs processed.
[I::csp_fetch_core][Thread-45] 40.00% SNPs processed.
[I::csp_fetch_core][Thread-38] 38.00% SNPs processed.
[I::csp_fetch_core][Thread-44] 44.00% SNPs processed.
[I::csp_fetch_core][Thread-13] 90.00% SNPs processed.
[I::csp_fetch_core][Thread-15] 52.00% SNPs processed.
[I::csp_fetch_core][Thread-43] 12.00% SNPs processed.
[I::csp_fetch_core][Thread-26] 64.00% SNPs processed.
[I::csp_fetch_core][Thread-19] 50.00% SNPs processed.
[I::csp_fetch_core][Thread-39] 54.00% SNPs processed.
[I::csp_fetch_core][Thread-47] 78.00% SNPs processed.
[I::csp_fetch_core][Thread-18] 64.00% SNPs processed.
[I::csp_fetch_core][Thread-7] 42.00% SNPs processed.
[I::csp_fetch_core][Thread-5] 44.00% SNPs processed.
[I::csp_fetch_core][Thread-10] 62.00% SNPs processed.
[I::csp_fetch_core][Thread-31] 48.00% SNPs processed.
[I::csp_fetch_core][Thread-46] 70.00% SNPs processed.
[I::csp_fetch_core][Thread-3] 56.00% SNPs processed.
[I::csp_fetch_core][Thread-1] 58.00% SNPs processed.
[I::csp_fetch_core][Thread-8] 44.00% SNPs processed.
[I::csp_fetch_core][Thread-13] 92.00% SNPs processed.
[I::csp_fetch_core][Thread-23] 58.00% SNPs processed.
[I::csp_fetch_core][Thread-25] 56.00% SNPs processed.
[I::csp_fetch_core][Thread-22] 38.00% SNPs processed.
[I::csp_fetch_core][Thread-41] 26.00% SNPs processed.
[I::csp_fetch_core][Thread-27] 34.00% SNPs processed.
[I::csp_fetch_core][Thread-18] 66.00% SNPs processed.
[I::csp_fetch_core][Thread-26] 66.00% SNPs processed.
[I::csp_fetch_core][Thread-4] 52.00% SNPs processed.
[I::csp_fetch_core][Thread-28] 44.00% SNPs processed.
[I::csp_fetch_core][Thread-45] 42.00% SNPs processed.
[I::csp_fetch_core][Thread-47] 80.00% SNPs processed.
[I::csp_fetch_core][Thread-15] 54.00% SNPs processed.
[I::csp_fetch_core][Thread-36] 36.00% SNPs processed.
[I::csp_fetch_core][Thread-6] 58.00% SNPs processed.
[I::csp_fetch_core][Thread-11] 72.00% SNPs processed.
[I::csp_fetch_core][Thread-35] 60.00% SNPs processed.
[I::csp_fetch_core][Thread-39] 56.00% SNPs processed.
[I::csp_fetch_core][Thread-46] 72.00% SNPs processed.
[I::csp_fetch_core][Thread-23] 60.00% SNPs processed.
[I::csp_fetch_core][Thread-7] 44.00% SNPs processed.
[I::csp_fetch_core][Thread-25] 58.00% SNPs processed.
[I::csp_fetch_core][Thread-27] 36.00% SNPs processed.
[I::csp_fetch_core][Thread-4] 54.00% SNPs processed.
[I::csp_fetch_core][Thread-47] 82.00% SNPs processed.
[I::csp_fetch_core][Thread-33] 50.00% SNPs processed.
[I::csp_fetch_core][Thread-18] 68.00% SNPs processed.
[I::csp_fetch_core][Thread-13] 94.00% SNPs processed.
[I::csp_fetch_core][Thread-45] 44.00% SNPs processed.
[I::csp_fetch_core][Thread-27] 38.00% SNPs processed.
[I::csp_fetch_core][Thread-23] 62.00% SNPs processed.
[I::csp_fetch_core][Thread-40] 40.00% SNPs processed.
[I::csp_fetch_core][Thread-41] 28.00% SNPs processed.
[I::csp_fetch_core][Thread-26] 68.00% SNPs processed.
[I::csp_fetch_core][Thread-39] 58.00% SNPs processed.
[I::csp_fetch_core][Thread-4] 56.00% SNPs processed.
[I::csp_fetch_core][Thread-19] 52.00% SNPs processed.
[I::csp_fetch_core][Thread-32] 54.00% SNPs processed.
[I::csp_fetch_core][Thread-35] 62.00% SNPs processed.
[I::csp_fetch_core][Thread-11] 74.00% SNPs processed.
[I::csp_fetch_core][Thread-20] 46.00% SNPs processed.
[I::csp_fetch_core][Thread-6] 60.00% SNPs processed.
[I::csp_fetch_core][Thread-46] 74.00% SNPs processed.
[I::csp_fetch_core][Thread-24] 44.00% SNPs processed.
[I::csp_fetch_core][Thread-47] 84.00% SNPs processed.
[I::csp_fetch_core][Thread-34] 38.00% SNPs processed.
[I::csp_fetch_core][Thread-18] 70.00% SNPs processed.
[I::csp_fetch_core][Thread-3] 58.00% SNPs processed.
[I::csp_fetch_core][Thread-7] 46.00% SNPs processed.
[I::csp_fetch_core][Thread-4] 58.00% SNPs processed.
[I::csp_fetch_core][Thread-35] 64.00% SNPs processed.
[I::csp_fetch_core][Thread-5] 46.00% SNPs processed.
[I::csp_fetch_core][Thread-23] 64.00% SNPs processed.
[I::csp_fetch_core][Thread-10] 64.00% SNPs processed.
[I::csp_fetch_core][Thread-14] 80.00% SNPs processed.
[I::csp_fetch_core][Thread-47] 86.00% SNPs processed.
[I::csp_fetch_core][Thread-6] 62.00% SNPs processed.
[I::csp_fetch_core][Thread-36] 38.00% SNPs processed.
[I::csp_fetch_core][Thread-1] 60.00% SNPs processed.
[I::csp_fetch_core][Thread-35] 66.00% SNPs processed.
[I::csp_fetch_core][Thread-39] 60.00% SNPs processed.
[I::csp_fetch_core][Thread-47] 88.00% SNPs processed.
[I::csp_fetch_core][Thread-28] 46.00% SNPs processed.
[I::csp_fetch_core][Thread-13] 96.00% SNPs processed.
[I::csp_fetch_core][Thread-11] 76.00% SNPs processed.
[I::csp_fetch_core][Thread-0] 38.00% SNPs processed.
[I::csp_fetch_core][Thread-15] 56.00% SNPs processed.
[I::csp_fetch_core][Thread-23] 66.00% SNPs processed.
[I::csp_fetch_core][Thread-34] 40.00% SNPs processed.
[I::csp_fetch_core][Thread-46] 76.00% SNPs processed.
[I::csp_fetch_core][Thread-10] 66.00% SNPs processed.
[I::csp_fetch_core][Thread-9] 58.00% SNPs processed.
[I::csp_fetch_core][Thread-4] 60.00% SNPs processed.
[I::csp_fetch_core][Thread-19] 54.00% SNPs processed.
[I::csp_fetch_core][Thread-38] 40.00% SNPs processed.
[I::csp_fetch_core][Thread-14] 82.00% SNPs processed.
[I::csp_fetch_core][Thread-6] 64.00% SNPs processed.
[I::csp_fetch_core][Thread-27] 40.00% SNPs processed.
[I::csp_fetch_core][Thread-41] 30.00% SNPs processed.
[I::csp_fetch_core][Thread-18] 72.00% SNPs processed.
[I::csp_fetch_core][Thread-35] 68.00% SNPs processed.
[I::csp_fetch_core][Thread-3] 60.00% SNPs processed.
[I::csp_fetch_core][Thread-47] 90.00% SNPs processed.
[I::csp_fetch_core][Thread-10] 68.00% SNPs processed.
[I::csp_fetch_core][Thread-24] 46.00% SNPs processed.
[I::csp_fetch_core][Thread-2] 10.00% SNPs processed.
[I::csp_fetch_core][Thread-33] 52.00% SNPs processed.
[I::csp_fetch_core][Thread-1] 62.00% SNPs processed.
[I::csp_fetch_core][Thread-45] 46.00% SNPs processed.
[I::csp_fetch_core][Thread-3] 62.00% SNPs processed.
[I::csp_fetch_core][Thread-10] 70.00% SNPs processed.
[I::csp_fetch_core][Thread-20] 48.00% SNPs processed.
[I::csp_fetch_core][Thread-39] 62.00% SNPs processed.
[I::csp_fetch_core][Thread-9] 60.00% SNPs processed.
[I::csp_fetch_core][Thread-18] 74.00% SNPs processed.
[I::csp_fetch_core][Thread-26] 70.00% SNPs processed.
[I::csp_fetch_core][Thread-24] 48.00% SNPs processed.
[I::csp_fetch_core][Thread-28] 48.00% SNPs processed.
[I::csp_fetch_core][Thread-11] 78.00% SNPs processed.
[I::csp_fetch_core][Thread-42] 54.00% SNPs processed.
[I::csp_fetch_core][Thread-47] 92.00% SNPs processed.
[I::csp_fetch_core][Thread-31] 50.00% SNPs processed.
[I::csp_fetch_core][Thread-33] 54.00% SNPs processed.
[I::csp_fetch_core][Thread-19] 56.00% SNPs processed.
[I::csp_fetch_core][Thread-6] 66.00% SNPs processed.
[I::csp_fetch_core][Thread-2] 12.00% SNPs processed.
[I::csp_fetch_core][Thread-7] 48.00% SNPs processed.
[I::csp_fetch_core][Thread-18] 76.00% SNPs processed.
[I::csp_fetch_core][Thread-35] 70.00% SNPs processed.
[I::csp_fetch_core][Thread-8] 46.00% SNPs processed.
[I::csp_fetch_core][Thread-5] 48.00% SNPs processed.
[I::csp_fetch_core][Thread-23] 68.00% SNPs processed.
[I::csp_fetch_core][Thread-29] 46.00% SNPs processed.
[I::csp_fetch_core][Thread-10] 72.00% SNPs processed.
[I::csp_fetch_core][Thread-30] 48.00% SNPs processed.
[I::csp_fetch_core][Thread-39] 64.00% SNPs processed.
[I::csp_fetch_core][Thread-36] 40.00% SNPs processed.
[I::csp_fetch_core][Thread-24] 50.00% SNPs processed.
[I::csp_fetch_core][Thread-32] 56.00% SNPs processed.
[I::csp_fetch_core][Thread-34] 42.00% SNPs processed.
[I::csp_fetch_core][Thread-4] 62.00% SNPs processed.
[I::csp_fetch_core][Thread-14] 84.00% SNPs processed.
[I::csp_fetch_core][Thread-33] 56.00% SNPs processed.
[I::csp_fetch_core][Thread-18] 78.00% SNPs processed.
[I::csp_fetch_core][Thread-31] 52.00% SNPs processed.
[I::csp_fetch_core][Thread-6] 68.00% SNPs processed.
[I::csp_fetch_core][Thread-19] 58.00% SNPs processed.
[I::csp_fetch_core][Thread-21] 60.00% SNPs processed.
[I::csp_fetch_core][Thread-13] 98.00% SNPs processed.
[I::csp_fetch_core][Thread-22] 40.00% SNPs processed.
[I::csp_fetch_core][Thread-0] 40.00% SNPs processed.
[I::csp_fetch_core][Thread-11] 80.00% SNPs processed.
[I::csp_fetch_core][Thread-7] 50.00% SNPs processed.
[I::csp_fetch_core][Thread-26] 72.00% SNPs processed.
[I::csp_fetch_core][Thread-47] 94.00% SNPs processed.
[I::csp_fetch_core][Thread-3] 64.00% SNPs processed.
[I::csp_fetch_core][Thread-1] 64.00% SNPs processed.
[I::csp_fetch_core][Thread-24] 52.00% SNPs processed.
[I::csp_fetch_core][Thread-23] 70.00% SNPs processed.
[I::csp_fetch_core][Thread-14] 86.00% SNPs processed.
[I::csp_fetch_core][Thread-10] 74.00% SNPs processed.
[I::csp_fetch_core][Thread-18] 80.00% SNPs processed.
[I::csp_fetch_core][Thread-15] 58.00% SNPs processed.
[I::csp_fetch_core][Thread-44] 46.00% SNPs processed.
[I::csp_fetch_core][Thread-39] 66.00% SNPs processed.
[I::csp_fetch_core][Thread-9] 62.00% SNPs processed.
[I::csp_fetch_core][Thread-41] 32.00% SNPs processed.
[I::csp_fetch_core][Thread-25] 60.00% SNPs processed.
[I::csp_fetch_core][Thread-35] 72.00% SNPs processed.
[I::csp_fetch_core][Thread-47] 96.00% SNPs processed.
[I::csp_fetch_core][Thread-1] 66.00% SNPs processed.
[I::csp_fetch_core][Thread-27] 42.00% SNPs processed.
[I::csp_fetch_core][Thread-3] 66.00% SNPs processed.
[I::csp_fetch_core][Thread-32] 58.00% SNPs processed.
[I::csp_fetch_core][Thread-7] 52.00% SNPs processed.
[I::csp_fetch_core][Thread-33] 58.00% SNPs processed.
[I::csp_fetch_core][Thread-14] 88.00% SNPs processed.
[I::csp_fetch_core][Thread-2] 14.00% SNPs processed.
[I::csp_fetch_core][Thread-40] 42.00% SNPs processed.
[I::csp_fetch_core][Thread-41] 34.00% SNPs processed.
[I::csp_fetch_core][Thread-31] 54.00% SNPs processed.
[I::csp_fetch_core][Thread-20] 50.00% SNPs processed.
[I::csp_fetch_core][Thread-34] 44.00% SNPs processed.
[I::csp_fetch_core][Thread-24] 54.00% SNPs processed.
[I::csp_fetch_core][Thread-19] 60.00% SNPs processed.
[I::csp_fetch_core][Thread-3] 68.00% SNPs processed.
[I::csp_fetch_core][Thread-33] 60.00% SNPs processed.
[I::csp_fetch_core][Thread-18] 82.00% SNPs processed.
[I::csp_fetch_core][Thread-35] 74.00% SNPs processed.
[I::csp_fetch_core][Thread-36] 42.00% SNPs processed.
[I::csp_fetch_core][Thread-12] 62.00% SNPs processed.
[I::csp_fetch_core][Thread-39] 68.00% SNPs processed.
[I::csp_fetch_core][Thread-6] 70.00% SNPs processed.
[I::csp_fetch_core][Thread-23] 72.00% SNPs processed.
[I::csp_fetch_core][Thread-1] 68.00% SNPs processed.
[I::csp_fetch_core][Thread-25] 62.00% SNPs processed.
[I::csp_fetch_core][Thread-9] 64.00% SNPs processed.
[I::csp_fetch_core][Thread-46] 78.00% SNPs processed.
[I::csp_fetch_core][Thread-45] 48.00% SNPs processed.
[I::csp_fetch_core][Thread-41] 36.00% SNPs processed.
[I::csp_fetch_core][Thread-19] 62.00% SNPs processed.
[I::csp_fetch_core][Thread-22] 42.00% SNPs processed.
[I::csp_fetch_core][Thread-15] 60.00% SNPs processed.
[I::csp_fetch_core][Thread-8] 48.00% SNPs processed.
[I::csp_fetch_core][Thread-24] 56.00% SNPs processed.
[I::csp_fetch_core][Thread-27] 44.00% SNPs processed.
[I::csp_fetch_core][Thread-31] 56.00% SNPs processed.
[I::csp_fetch_core][Thread-23] 74.00% SNPs processed.
[I::csp_fetch_core][Thread-1] 70.00% SNPs processed.
[I::csp_fetch_core][Thread-28] 50.00% SNPs processed.
[I::csp_fetch_core][Thread-12] 64.00% SNPs processed.
[I::csp_fetch_core][Thread-47] 98.00% SNPs processed.
[I::csp_fetch_core][Thread-14] 90.00% SNPs processed.
[I::csp_fetch_core][Thread-34] 46.00% SNPs processed.
[I::csp_fetch_core][Thread-30] 50.00% SNPs processed.
[I::csp_fetch_core][Thread-5] 50.00% SNPs processed.
[I::csp_fetch_core][Thread-24] 58.00% SNPs processed.
[I::csp_fetch_core][Thread-8] 50.00% SNPs processed.
[I::csp_fetch_core][Thread-25] 64.00% SNPs processed.
[I::csp_fetch_core][Thread-1] 72.00% SNPs processed.
[I::csp_fetch_core][Thread-31] 58.00% SNPs processed.
[I::csp_fetch_core][Thread-15] 62.00% SNPs processed.
[I::csp_fetch_core][Thread-35] 76.00% SNPs processed.
[I::csp_fetch_core][Thread-20] 52.00% SNPs processed.
[I::csp_fetch_core][Thread-9] 66.00% SNPs processed.
[I::csp_fetch_core][Thread-19] 64.00% SNPs processed.
[I::csp_fetch_core][Thread-46] 80.00% SNPs processed.
[I::csp_fetch_core][Thread-5] 52.00% SNPs processed.
[I::csp_fetch_core][Thread-33] 62.00% SNPs processed.
[I::csp_fetch_core][Thread-21] 62.00% SNPs processed.
[I::csp_fetch_core][Thread-6] 72.00% SNPs processed.
[I::csp_fetch_core][Thread-8] 52.00% SNPs processed.
[I::csp_fetch_core][Thread-26] 74.00% SNPs processed.
[I::csp_fetch_core][Thread-18] 84.00% SNPs processed.
[I::csp_fetch_core][Thread-24] 60.00% SNPs processed.
[I::csp_fetch_core][Thread-39] 70.00% SNPs processed.
[I::csp_fetch_core][Thread-1] 74.00% SNPs processed.
[I::csp_fetch_core][Thread-22] 44.00% SNPs processed.
[I::csp_fetch_core][Thread-15] 64.00% SNPs processed.
[I::csp_fetch_core][Thread-34] 48.00% SNPs processed.
[I::csp_fetch_core][Thread-27] 46.00% SNPs processed.
[I::csp_fetch_core][Thread-25] 66.00% SNPs processed.
[I::csp_fetch_core][Thread-40] 44.00% SNPs processed.
[I::csp_fetch_core][Thread-5] 54.00% SNPs processed.
[I::csp_fetch_core][Thread-12] 66.00% SNPs processed.
[I::csp_fetch_core][Thread-16] 50.00% SNPs processed.
[I::csp_fetch_core][Thread-6] 74.00% SNPs processed.
[I::csp_fetch_core][Thread-15] 66.00% SNPs processed.
[I::csp_fetch_core][Thread-20] 54.00% SNPs processed.
[I::csp_fetch_core][Thread-24] 62.00% SNPs processed.
[I::csp_fetch_core][Thread-22] 46.00% SNPs processed.
[I::csp_fetch_core][Thread-36] 44.00% SNPs processed.
[I::csp_fetch_core][Thread-34] 50.00% SNPs processed.
[I::csp_fetch_core][Thread-46] 82.00% SNPs processed.
[I::csp_fetch_core][Thread-25] 68.00% SNPs processed.
[I::csp_fetch_core][Thread-23] 76.00% SNPs processed.
[I::csp_fetch_core][Thread-41] 38.00% SNPs processed.
[I::csp_fetch_core][Thread-38] 42.00% SNPs processed.
[I::csp_fetch_core][Thread-15] 68.00% SNPs processed.
[I::csp_fetch_core][Thread-19] 66.00% SNPs processed.
[I::csp_fetch_core][Thread-5] 56.00% SNPs processed.
[I::csp_fetch_core][Thread-0] 42.00% SNPs processed.
[I::csp_fetch_core][Thread-29] 48.00% SNPs processed.
[I::csp_fetch_core][Thread-1] 76.00% SNPs processed.
[I::csp_fetch_core][Thread-6] 76.00% SNPs processed.
[I::csp_fetch_core][Thread-12] 68.00% SNPs processed.
[I::csp_fetch_core][Thread-27] 48.00% SNPs processed.
[I::csp_fetch_core][Thread-7] 54.00% SNPs processed.
[I::csp_fetch_core][Thread-39] 72.00% SNPs processed.
[I::csp_fetch_core][Thread-25] 70.00% SNPs processed.
[I::csp_fetch_core][Thread-34] 52.00% SNPs processed.
[I::csp_fetch_core][Thread-22] 48.00% SNPs processed.
[I::csp_fetch_core][Thread-24] 64.00% SNPs processed.
[I::csp_fetch_core][Thread-26] 76.00% SNPs processed.
[I::csp_fetch_core][Thread-28] 52.00% SNPs processed.
[I::csp_fetch_core][Thread-44] 48.00% SNPs processed.
[I::csp_fetch_core][Thread-20] 56.00% SNPs processed.
[I::csp_fetch_core][Thread-36] 46.00% SNPs processed.
[I::csp_fetch_core][Thread-46] 84.00% SNPs processed.
[I::csp_fetch_core][Thread-2] 16.00% SNPs processed.
[I::csp_fetch_core][Thread-41] 40.00% SNPs processed.
[I::csp_fetch_core][Thread-34] 54.00% SNPs processed.
[I::csp_fetch_core][Thread-25] 72.00% SNPs processed.
[I::csp_fetch_core][Thread-5] 58.00% SNPs processed.
[I::csp_fetch_core][Thread-6] 78.00% SNPs processed.
[I::csp_fetch_core][Thread-26] 78.00% SNPs processed.
[I::csp_fetch_core][Thread-23] 78.00% SNPs processed.
[I::csp_fetch_core][Thread-8] 54.00% SNPs processed.
[I::csp_fetch_core][Thread-18] 86.00% SNPs processed.
[I::csp_fetch_core][Thread-41] 42.00% SNPs processed.
[I::csp_fetch_core][Thread-15] 70.00% SNPs processed.
[I::csp_fetch_core][Thread-43] 14.00% SNPs processed.
[I::csp_fetch_core][Thread-7] 56.00% SNPs processed.
[I::csp_fetch_core][Thread-14] 92.00% SNPs processed.
[I::csp_fetch_core][Thread-22] 50.00% SNPs processed.
[I::csp_fetch_core][Thread-26] 80.00% SNPs processed.
[I::csp_fetch_core][Thread-11] 82.00% SNPs processed.
[I::csp_fetch_core][Thread-34] 56.00% SNPs processed.
[I::csp_fetch_core][Thread-27] 50.00% SNPs processed.
[I::csp_fetch_core][Thread-25] 74.00% SNPs processed.
[I::csp_fetch_core][Thread-42] 56.00% SNPs processed.
[I::csp_fetch_core][Thread-31] 60.00% SNPs processed.
[I::csp_fetch_core][Thread-40] 46.00% SNPs processed.
[I::csp_fetch_core][Thread-15] 72.00% SNPs processed.
[I::csp_fetch_core][Thread-7] 58.00% SNPs processed.
[I::csp_fetch_core][Thread-21] 64.00% SNPs processed.
[I::csp_fetch_core][Thread-14] 94.00% SNPs processed.
[I::csp_fetch_core][Thread-26] 82.00% SNPs processed.
[I::csp_fetch_core][Thread-20] 58.00% SNPs processed.
[I::csp_fetch_core][Thread-3] 70.00% SNPs processed.
[I::csp_fetch_core][Thread-23] 80.00% SNPs processed.
[I::csp_fetch_core][Thread-22] 52.00% SNPs processed.
[I::csp_fetch_core][Thread-11] 84.00% SNPs processed.
[I::csp_fetch_core][Thread-34] 58.00% SNPs processed.
[I::csp_fetch_core][Thread-9] 68.00% SNPs processed.
[I::csp_fetch_core][Thread-28] 54.00% SNPs processed.
[I::csp_fetch_core][Thread-15] 74.00% SNPs processed.
[I::csp_fetch_core][Thread-7] 60.00% SNPs processed.
[I::csp_fetch_core][Thread-26] 84.00% SNPs processed.
[I::csp_fetch_core][Thread-20] 60.00% SNPs processed.
[I::csp_fetch_core][Thread-6] 80.00% SNPs processed.
[I::csp_fetch_core][Thread-8] 56.00% SNPs processed.
[I::csp_fetch_core][Thread-3] 72.00% SNPs processed.
[I::csp_fetch_core][Thread-11] 86.00% SNPs processed.
[I::csp_fetch_core][Thread-41] 44.00% SNPs processed.
[I::csp_fetch_core][Thread-29] 50.00% SNPs processed.
[I::csp_fetch_core][Thread-16] 52.00% SNPs processed.
[I::csp_fetch_core][Thread-34] 60.00% SNPs processed.
[I::csp_fetch_core][Thread-23] 82.00% SNPs processed.
[I::csp_fetch_core][Thread-24] 66.00% SNPs processed.
[I::csp_fetch_core][Thread-1] 78.00% SNPs processed.
[I::csp_fetch_core][Thread-33] 64.00% SNPs processed.
[I::csp_fetch_core][Thread-4] 64.00% SNPs processed.
[I::csp_fetch_core][Thread-15] 76.00% SNPs processed.
[I::csp_fetch_core][Thread-25] 76.00% SNPs processed.
[I::csp_fetch_core][Thread-46] 86.00% SNPs processed.
[I::csp_fetch_core][Thread-7] 62.00% SNPs processed.
[I::csp_fetch_core][Thread-5] 60.00% SNPs processed.
[I::csp_fetch_core][Thread-38] 44.00% SNPs processed.
[I::csp_fetch_core][Thread-21] 66.00% SNPs processed.
[I::csp_fetch_core][Thread-11] 88.00% SNPs processed.
[I::csp_fetch_core][Thread-19] 68.00% SNPs processed.
[I::csp_fetch_core][Thread-14] 96.00% SNPs processed.
[I::csp_fetch_core][Thread-16] 54.00% SNPs processed.
[I::csp_fetch_core][Thread-8] 58.00% SNPs processed.
[I::csp_fetch_core][Thread-3] 74.00% SNPs processed.
[I::csp_fetch_core][Thread-9] 70.00% SNPs processed.
[I::csp_fetch_core][Thread-18] 88.00% SNPs processed.
[I::csp_fetch_core][Thread-34] 62.00% SNPs processed.
[I::csp_fetch_core][Thread-31] 62.00% SNPs processed.
[I::csp_fetch_core][Thread-23] 84.00% SNPs processed.
[I::csp_fetch_core][Thread-36] 48.00% SNPs processed.
[I::csp_fetch_core][Thread-11] 90.00% SNPs processed.
[I::csp_fetch_core][Thread-26] 86.00% SNPs processed.
[I::csp_fetch_core][Thread-43] 16.00% SNPs processed.
[I::csp_fetch_core][Thread-35] 78.00% SNPs processed.
[I::csp_fetch_core][Thread-25] 78.00% SNPs processed.
[I::csp_fetch_core][Thread-45] 50.00% SNPs processed.
[I::csp_fetch_core][Thread-31] 64.00% SNPs processed.
[I::csp_fetch_core][Thread-30] 52.00% SNPs processed.
[I::csp_fetch_core][Thread-4] 66.00% SNPs processed.
[I::csp_fetch_core][Thread-15] 78.00% SNPs processed.
[I::csp_fetch_core][Thread-3] 76.00% SNPs processed.
[I::csp_fetch_core][Thread-11] 92.00% SNPs processed.
[I::csp_fetch_core][Thread-21] 68.00% SNPs processed.
[I::csp_fetch_core][Thread-34] 64.00% SNPs processed.
[I::csp_fetch_core][Thread-5] 62.00% SNPs processed.
[I::csp_fetch_core][Thread-28] 56.00% SNPs processed.
[I::csp_fetch_core][Thread-22] 54.00% SNPs processed.
[I::csp_fetch_core][Thread-23] 86.00% SNPs processed.
[I::csp_fetch_core][Thread-41] 46.00% SNPs processed.
[I::csp_fetch_core][Thread-36] 50.00% SNPs processed.
[I::csp_fetch_core][Thread-24] 68.00% SNPs processed.
[I::csp_fetch_core][Thread-38] 46.00% SNPs processed.
[I::csp_fetch_core][Thread-9] 72.00% SNPs processed.
[I::csp_fetch_core][Thread-46] 88.00% SNPs processed.
[I::csp_fetch_core][Thread-39] 74.00% SNPs processed.
[I::csp_fetch_core][Thread-11] 94.00% SNPs processed.
[I::csp_fetch_core][Thread-42] 58.00% SNPs processed.
[I::csp_fetch_core][Thread-8] 60.00% SNPs processed.
[I::csp_fetch_core][Thread-16] 56.00% SNPs processed.
[I::csp_fetch_core][Thread-7] 64.00% SNPs processed.
[I::csp_fetch_core][Thread-35] 80.00% SNPs processed.
[I::csp_fetch_core][Thread-31] 66.00% SNPs processed.
[I::csp_fetch_core][Thread-12] 70.00% SNPs processed.
[I::csp_fetch_core][Thread-28] 58.00% SNPs processed.
[I::csp_fetch_core][Thread-25] 80.00% SNPs processed.
[I::csp_fetch_core][Thread-11] 96.00% SNPs processed.
[I::csp_fetch_core][Thread-4] 68.00% SNPs processed.
[I::csp_fetch_core][Thread-34] 66.00% SNPs processed.
[I::csp_fetch_core][Thread-39] 76.00% SNPs processed.
[I::csp_fetch_core][Thread-3] 78.00% SNPs processed.
[I::csp_fetch_core][Thread-5] 64.00% SNPs processed.
[I::csp_fetch_core][Thread-24] 70.00% SNPs processed.
[I::csp_fetch_core][Thread-22] 56.00% SNPs processed.
[I::csp_fetch_core][Thread-38] 48.00% SNPs processed.
[I::csp_fetch_core][Thread-36] 52.00% SNPs processed.
[I::csp_fetch_core][Thread-41] 48.00% SNPs processed.
[I::csp_fetch_core][Thread-11] 98.00% SNPs processed.
[I::csp_fetch_core][Thread-31] 68.00% SNPs processed.
[I::csp_fetch_core][Thread-25] 82.00% SNPs processed.
[I::csp_fetch_core][Thread-9] 74.00% SNPs processed.
[I::csp_fetch_core][Thread-28] 60.00% SNPs processed.
[I::csp_fetch_core][Thread-16] 58.00% SNPs processed.
[I::csp_fetch_core][Thread-35] 82.00% SNPs processed.
[I::csp_fetch_core][Thread-10] 76.00% SNPs processed.
[I::csp_fetch_core][Thread-19] 70.00% SNPs processed.
[I::csp_fetch_core][Thread-20] 62.00% SNPs processed.
[I::csp_fetch_core][Thread-34] 68.00% SNPs processed.
[I::csp_fetch_core][Thread-1] 80.00% SNPs processed.
[I::csp_fetch_core][Thread-14] 98.00% SNPs processed.
[I::csp_fetch_core][Thread-46] 90.00% SNPs processed.
[I::csp_fetch_core][Thread-17] 54.00% SNPs processed.
[I::csp_fetch_core][Thread-8] 62.00% SNPs processed.
[I::csp_fetch_core][Thread-5] 66.00% SNPs processed.
[I::csp_fetch_core][Thread-33] 66.00% SNPs processed.
[I::csp_fetch_core][Thread-18] 90.00% SNPs processed.
[I::csp_fetch_core][Thread-15] 80.00% SNPs processed.
[I::csp_fetch_core][Thread-23] 88.00% SNPs processed.
[I::csp_fetch_core][Thread-25] 84.00% SNPs processed.
[I::csp_fetch_core][Thread-29] 52.00% SNPs processed.
[I::csp_fetch_core][Thread-7] 66.00% SNPs processed.
[I::csp_fetch_core][Thread-38] 50.00% SNPs processed.
[I::csp_fetch_core][Thread-41] 50.00% SNPs processed.
[I::csp_fetch_core][Thread-39] 78.00% SNPs processed.
[I::csp_fetch_core][Thread-4] 70.00% SNPs processed.
[I::csp_fetch_core][Thread-12] 72.00% SNPs processed.
[I::csp_fetch_core][Thread-8] 64.00% SNPs processed.
[I::csp_fetch_core][Thread-43] 18.00% SNPs processed.
[I::csp_fetch_core][Thread-9] 76.00% SNPs processed.
[I::csp_fetch_core][Thread-34] 70.00% SNPs processed.
[I::csp_fetch_core][Thread-22] 58.00% SNPs processed.
[I::csp_fetch_core][Thread-15] 82.00% SNPs processed.
[I::csp_fetch_core][Thread-31] 70.00% SNPs processed.
[I::csp_fetch_core][Thread-5] 68.00% SNPs processed.
[I::csp_fetch_core][Thread-19] 72.00% SNPs processed.
[I::csp_fetch_core][Thread-36] 54.00% SNPs processed.
[I::csp_fetch_core][Thread-26] 88.00% SNPs processed.
[I::csp_fetch_core][Thread-38] 52.00% SNPs processed.
[I::csp_fetch_core][Thread-24] 72.00% SNPs processed.
[I::csp_fetch_core][Thread-12] 74.00% SNPs processed.
[I::csp_fetch_core][Thread-3] 80.00% SNPs processed.
[I::csp_fetch_core][Thread-23] 90.00% SNPs processed.
[I::csp_fetch_core][Thread-40] 48.00% SNPs processed.
[I::csp_fetch_core][Thread-28] 62.00% SNPs processed.
[I::csp_fetch_core][Thread-7] 68.00% SNPs processed.
[I::csp_fetch_core][Thread-4] 72.00% SNPs processed.
[I::csp_fetch_core][Thread-16] 60.00% SNPs processed.
[I::csp_fetch_core][Thread-41] 52.00% SNPs processed.
[I::csp_fetch_core][Thread-32] 60.00% SNPs processed.
[I::csp_fetch_core][Thread-8] 66.00% SNPs processed.
[I::csp_fetch_core][Thread-34] 72.00% SNPs processed.
[I::csp_fetch_core][Thread-38] 54.00% SNPs processed.
[I::csp_fetch_core][Thread-5] 70.00% SNPs processed.
[I::csp_fetch_core][Thread-24] 74.00% SNPs processed.
[I::csp_fetch_core][Thread-9] 78.00% SNPs processed.
[I::csp_fetch_core][Thread-36] 56.00% SNPs processed.
[I::csp_fetch_core][Thread-7] 70.00% SNPs processed.
[I::csp_fetch_core][Thread-35] 84.00% SNPs processed.
[I::csp_fetch_core][Thread-19] 74.00% SNPs processed.
[I::csp_fetch_core][Thread-23] 92.00% SNPs processed.
[I::csp_fetch_core][Thread-27] 52.00% SNPs processed.
[I::csp_fetch_core][Thread-28] 64.00% SNPs processed.
[I::csp_fetch_core][Thread-8] 68.00% SNPs processed.
[I::csp_fetch_core][Thread-29] 54.00% SNPs processed.
[I::csp_fetch_core][Thread-39] 80.00% SNPs processed.
[I::csp_fetch_core][Thread-38] 56.00% SNPs processed.
[I::csp_fetch_core][Thread-0] 44.00% SNPs processed.
[I::csp_fetch_core][Thread-22] 60.00% SNPs processed.
[I::csp_fetch_core][Thread-41] 54.00% SNPs processed.
[I::csp_fetch_core][Thread-31] 72.00% SNPs processed.
[I::csp_fetch_core][Thread-34] 74.00% SNPs processed.
[I::csp_fetch_core][Thread-7] 72.00% SNPs processed.
[I::csp_fetch_core][Thread-15] 84.00% SNPs processed.
[I::csp_fetch_core][Thread-36] 58.00% SNPs processed.
[I::csp_fetch_core][Thread-45] 52.00% SNPs processed.
[I::csp_fetch_core][Thread-12] 76.00% SNPs processed.
[I::csp_fetch_core][Thread-35] 86.00% SNPs processed.
[I::csp_fetch_core][Thread-41] 56.00% SNPs processed.
[I::csp_fetch_core][Thread-4] 74.00% SNPs processed.
[I::csp_fetch_core][Thread-43] 20.00% SNPs processed.
[I::csp_fetch_core][Thread-26] 90.00% SNPs processed.
[I::csp_fetch_core][Thread-42] 60.00% SNPs processed.
[I::csp_fetch_core][Thread-19] 76.00% SNPs processed.
[I::csp_fetch_core][Thread-8] 70.00% SNPs processed.
[I::csp_fetch_core][Thread-34] 76.00% SNPs processed.
[I::csp_fetch_core][Thread-7] 74.00% SNPs processed.
[I::csp_fetch_core][Thread-21] 70.00% SNPs processed.
[I::csp_fetch_core][Thread-22] 62.00% SNPs processed.
[I::csp_fetch_core][Thread-1] 82.00% SNPs processed.
[I::csp_fetch_core][Thread-18] 92.00% SNPs processed.
[I::csp_fetch_core][Thread-27] 54.00% SNPs processed.
[I::csp_fetch_core][Thread-46] 92.00% SNPs processed.
[I::csp_fetch_core][Thread-16] 62.00% SNPs processed.
[I::csp_fetch_core][Thread-41] 58.00% SNPs processed.
[I::csp_fetch_core][Thread-36] 60.00% SNPs processed.
[I::csp_fetch_core][Thread-24] 76.00% SNPs processed.
[I::csp_fetch_core][Thread-3] 82.00% SNPs processed.
[I::csp_fetch_core][Thread-32] 62.00% SNPs processed.
[I::csp_fetch_core][Thread-28] 66.00% SNPs processed.
[I::csp_fetch_core][Thread-35] 88.00% SNPs processed.
[I::csp_fetch_core][Thread-25] 86.00% SNPs processed.
[I::csp_fetch_core][Thread-19] 78.00% SNPs processed.
[I::csp_fetch_core][Thread-10] 78.00% SNPs processed.
[I::csp_fetch_core][Thread-27] 56.00% SNPs processed.
[I::csp_fetch_core][Thread-38] 58.00% SNPs processed.
[I::csp_fetch_core][Thread-34] 78.00% SNPs processed.
[I::csp_fetch_core][Thread-20] 64.00% SNPs processed.
[I::csp_fetch_core][Thread-46] 94.00% SNPs processed.
[I::csp_fetch_core][Thread-8] 72.00% SNPs processed.
[I::csp_fetch_core][Thread-31] 74.00% SNPs processed.
[I::csp_fetch_core][Thread-40] 50.00% SNPs processed.
[I::csp_fetch_core][Thread-18] 94.00% SNPs processed.
[I::csp_fetch_core][Thread-7] 76.00% SNPs processed.
[I::csp_fetch_core][Thread-15] 86.00% SNPs processed.
[I::csp_fetch_core][Thread-9] 80.00% SNPs processed.
[I::csp_fetch_core][Thread-22] 64.00% SNPs processed.
[I::csp_fetch_core][Thread-35] 90.00% SNPs processed.
[I::csp_fetch_core][Thread-36] 62.00% SNPs processed.
[I::csp_fetch_core][Thread-26] 92.00% SNPs processed.
[I::csp_fetch_core][Thread-38] 60.00% SNPs processed.
[I::csp_fetch_core][Thread-16] 64.00% SNPs processed.
[I::csp_fetch_core][Thread-19] 80.00% SNPs processed.
[I::csp_fetch_core][Thread-42] 62.00% SNPs processed.
[I::csp_fetch_core][Thread-5] 72.00% SNPs processed.
[I::csp_fetch_core][Thread-46] 96.00% SNPs processed.
[I::csp_fetch_core][Thread-21] 72.00% SNPs processed.
[I::csp_fetch_core][Thread-22] 66.00% SNPs processed.
[I::csp_fetch_core][Thread-4] 76.00% SNPs processed.
[I::csp_fetch_core][Thread-23] 94.00% SNPs processed.
[I::csp_fetch_core][Thread-34] 80.00% SNPs processed.
[I::csp_fetch_core][Thread-18] 96.00% SNPs processed.
[I::csp_fetch_core][Thread-1] 84.00% SNPs processed.
[I::csp_fetch_core][Thread-24] 78.00% SNPs processed.
[I::csp_fetch_core][Thread-35] 92.00% SNPs processed.
[I::csp_fetch_core][Thread-41] 60.00% SNPs processed.
[I::csp_fetch_core][Thread-31] 76.00% SNPs processed.
[I::csp_fetch_core][Thread-12] 78.00% SNPs processed.
[I::csp_fetch_core][Thread-33] 68.00% SNPs processed.
[I::csp_fetch_core][Thread-9] 82.00% SNPs processed.
[I::csp_fetch_core][Thread-22] 68.00% SNPs processed.
[I::csp_fetch_core][Thread-0] 46.00% SNPs processed.
[I::csp_fetch_core][Thread-43] 22.00% SNPs processed.
[I::csp_fetch_core][Thread-28] 68.00% SNPs processed.
[I::csp_fetch_core][Thread-22] 70.00% SNPs processed.
[I::csp_fetch_core][Thread-23] 96.00% SNPs processed.
[I::csp_fetch_core][Thread-46] 98.00% SNPs processed.
[I::csp_fetch_core][Thread-27] 58.00% SNPs processed.
[I::csp_fetch_core][Thread-6] 82.00% SNPs processed.
[I::csp_fetch_core][Thread-8] 74.00% SNPs processed.
[I::csp_fetch_core][Thread-41] 62.00% SNPs processed.
[I::csp_fetch_core][Thread-22] 72.00% SNPs processed.
[I::csp_fetch_core][Thread-16] 66.00% SNPs processed.
[I::csp_fetch_core][Thread-39] 82.00% SNPs processed.
[I::csp_fetch_core][Thread-12] 80.00% SNPs processed.
[I::csp_fetch_core][Thread-3] 84.00% SNPs processed.
[I::csp_fetch_core][Thread-12] 82.00% SNPs processed.
[I::csp_fetch_core][Thread-34] 82.00% SNPs processed.
[I::csp_fetch_core][Thread-36] 64.00% SNPs processed.
[I::csp_fetch_core][Thread-16] 68.00% SNPs processed.
[I::csp_fetch_core][Thread-12] 84.00% SNPs processed.
[I::csp_fetch_core][Thread-5] 74.00% SNPs processed.
[I::csp_fetch_core][Thread-6] 84.00% SNPs processed.
[I::csp_fetch_core][Thread-38] 62.00% SNPs processed.
[I::csp_fetch_core][Thread-40] 52.00% SNPs processed.
[I::csp_fetch_core][Thread-27] 60.00% SNPs processed.
[I::csp_fetch_core][Thread-22] 74.00% SNPs processed.
[I::csp_fetch_core][Thread-31] 78.00% SNPs processed.
[I::csp_fetch_core][Thread-21] 74.00% SNPs processed.
[I::csp_fetch_core][Thread-25] 88.00% SNPs processed.
[I::csp_fetch_core][Thread-18] 98.00% SNPs processed.
[I::csp_fetch_core][Thread-5] 76.00% SNPs processed.
[I::csp_fetch_core][Thread-16] 70.00% SNPs processed.
[I::csp_fetch_core][Thread-15] 88.00% SNPs processed.
[I::csp_fetch_core][Thread-41] 64.00% SNPs processed.
[I::csp_fetch_core][Thread-23] 98.00% SNPs processed.
[I::csp_fetch_core][Thread-9] 84.00% SNPs processed.
[I::csp_fetch_core][Thread-12] 86.00% SNPs processed.
[I::csp_fetch_core][Thread-45] 54.00% SNPs processed.
[I::csp_fetch_core][Thread-3] 86.00% SNPs processed.
[I::csp_fetch_core][Thread-35] 94.00% SNPs processed.
[I::csp_fetch_core][Thread-22] 76.00% SNPs processed.
[I::csp_fetch_core][Thread-15] 90.00% SNPs processed.
[I::csp_fetch_core][Thread-21] 76.00% SNPs processed.
[I::csp_fetch_core][Thread-4] 78.00% SNPs processed.
[I::csp_fetch_core][Thread-35] 96.00% SNPs processed.
[I::csp_fetch_core][Thread-24] 80.00% SNPs processed.
[I::csp_fetch_core][Thread-27] 62.00% SNPs processed.
[I::csp_fetch_core][Thread-16] 72.00% SNPs processed.
[I::csp_fetch_core][Thread-5] 78.00% SNPs processed.
[I::csp_fetch_core][Thread-9] 86.00% SNPs processed.
[I::csp_fetch_core][Thread-1] 86.00% SNPs processed.
[I::csp_fetch_core][Thread-7] 78.00% SNPs processed.
[I::csp_fetch_core][Thread-22] 78.00% SNPs processed.
[I::csp_fetch_core][Thread-27] 64.00% SNPs processed.
[I::csp_fetch_core][Thread-3] 88.00% SNPs processed.
[I::csp_fetch_core][Thread-31] 80.00% SNPs processed.
[I::csp_fetch_core][Thread-35] 98.00% SNPs processed.
[I::csp_fetch_core][Thread-41] 66.00% SNPs processed.
[I::csp_fetch_core][Thread-43] 24.00% SNPs processed.
[I::csp_fetch_core][Thread-33] 70.00% SNPs processed.
[I::csp_fetch_core][Thread-34] 84.00% SNPs processed.
[I::csp_fetch_core][Thread-16] 74.00% SNPs processed.
[I::csp_fetch_core][Thread-21] 78.00% SNPs processed.
[I::csp_fetch_core][Thread-19] 82.00% SNPs processed.
[I::csp_fetch_core][Thread-36] 66.00% SNPs processed.
[I::csp_fetch_core][Thread-12] 88.00% SNPs processed.
[I::csp_fetch_core][Thread-27] 66.00% SNPs processed.
[I::csp_fetch_core][Thread-28] 70.00% SNPs processed.
[I::csp_fetch_core][Thread-3] 90.00% SNPs processed.
[I::csp_fetch_core][Thread-8] 76.00% SNPs processed.
[I::csp_fetch_core][Thread-17] 56.00% SNPs processed.
[I::csp_fetch_core][Thread-12] 90.00% SNPs processed.
[I::csp_fetch_core][Thread-16] 76.00% SNPs processed.
[I::csp_fetch_core][Thread-41] 68.00% SNPs processed.
[I::csp_fetch_core][Thread-24] 82.00% SNPs processed.
[I::csp_fetch_core][Thread-22] 80.00% SNPs processed.
[I::csp_fetch_core][Thread-19] 84.00% SNPs processed.
[I::csp_fetch_core][Thread-41] 70.00% SNPs processed.
[I::csp_fetch_core][Thread-16] 78.00% SNPs processed.
[I::csp_fetch_core][Thread-28] 72.00% SNPs processed.
[I::csp_fetch_core][Thread-5] 80.00% SNPs processed.
[I::csp_fetch_core][Thread-1] 88.00% SNPs processed.
[I::csp_fetch_core][Thread-25] 90.00% SNPs processed.
[I::csp_fetch_core][Thread-7] 80.00% SNPs processed.
[I::csp_fetch_core][Thread-8] 78.00% SNPs processed.
[I::csp_fetch_core][Thread-15] 92.00% SNPs processed.
[I::csp_fetch_core][Thread-41] 72.00% SNPs processed.
[I::csp_fetch_core][Thread-6] 86.00% SNPs processed.
[I::csp_fetch_core][Thread-19] 86.00% SNPs processed.
[I::csp_fetch_core][Thread-3] 92.00% SNPs processed.
[I::csp_fetch_core][Thread-40] 54.00% SNPs processed.
[I::csp_fetch_core][Thread-31] 82.00% SNPs processed.
[I::csp_fetch_core][Thread-41] 74.00% SNPs processed.
[I::csp_fetch_core][Thread-10] 80.00% SNPs processed.
[I::csp_fetch_core][Thread-34] 86.00% SNPs processed.
[I::csp_fetch_core][Thread-5] 82.00% SNPs processed.
[I::csp_fetch_core][Thread-22] 82.00% SNPs processed.
[I::csp_fetch_core][Thread-24] 84.00% SNPs processed.
[I::csp_fetch_core][Thread-42] 64.00% SNPs processed.
[I::csp_fetch_core][Thread-12] 92.00% SNPs processed.
[I::csp_fetch_core][Thread-41] 76.00% SNPs processed.
[I::csp_fetch_core][Thread-16] 80.00% SNPs processed.
[I::csp_fetch_core][Thread-9] 88.00% SNPs processed.
[I::csp_fetch_core][Thread-27] 68.00% SNPs processed.
[I::csp_fetch_core][Thread-21] 80.00% SNPs processed.
[I::csp_fetch_core][Thread-28] 74.00% SNPs processed.
[I::csp_fetch_core][Thread-44] 50.00% SNPs processed.
[I::csp_fetch_core][Thread-5] 84.00% SNPs processed.
[I::csp_fetch_core][Thread-41] 78.00% SNPs processed.
[I::csp_fetch_core][Thread-19] 88.00% SNPs processed.
[I::csp_fetch_core][Thread-8] 80.00% SNPs processed.
[I::csp_fetch_core][Thread-15] 94.00% SNPs processed.
[I::csp_fetch_core][Thread-12] 94.00% SNPs processed.
[I::csp_fetch_core][Thread-34] 88.00% SNPs processed.
[I::csp_fetch_core][Thread-6] 88.00% SNPs processed.
[I::csp_fetch_core][Thread-3] 94.00% SNPs processed.
[I::csp_fetch_core][Thread-33] 72.00% SNPs processed.
[I::csp_fetch_core][Thread-24] 86.00% SNPs processed.
[I::csp_fetch_core][Thread-2] 18.00% SNPs processed.
[I::csp_fetch_core][Thread-4] 80.00% SNPs processed.
[I::csp_fetch_core][Thread-12] 96.00% SNPs processed.
[I::csp_fetch_core][Thread-15] 96.00% SNPs processed.
[I::csp_fetch_core][Thread-33] 74.00% SNPs processed.
[I::csp_fetch_core][Thread-41] 80.00% SNPs processed.
[I::csp_fetch_core][Thread-22] 84.00% SNPs processed.
[I::csp_fetch_core][Thread-44] 52.00% SNPs processed.
[I::csp_fetch_core][Thread-12] 98.00% SNPs processed.
[I::csp_fetch_core][Thread-8] 82.00% SNPs processed.
[I::csp_fetch_core][Thread-26] 94.00% SNPs processed.
[I::csp_fetch_core][Thread-33] 76.00% SNPs processed.
[I::csp_fetch_core][Thread-34] 90.00% SNPs processed.
[I::csp_fetch_core][Thread-25] 92.00% SNPs processed.
[I::csp_fetch_core][Thread-33] 78.00% SNPs processed.
[I::csp_fetch_core][Thread-4] 82.00% SNPs processed.
[I::csp_fetch_core][Thread-1] 90.00% SNPs processed.
[I::csp_fetch_core][Thread-3] 96.00% SNPs processed.
[I::csp_fetch_core][Thread-8] 84.00% SNPs processed.
[I::csp_fetch_core][Thread-21] 82.00% SNPs processed.
[I::csp_fetch_core][Thread-15] 98.00% SNPs processed.
[I::csp_fetch_core][Thread-36] 68.00% SNPs processed.
[I::csp_fetch_core][Thread-28] 76.00% SNPs processed.
[I::csp_fetch_core][Thread-8] 86.00% SNPs processed.
[I::csp_fetch_core][Thread-6] 90.00% SNPs processed.
[I::csp_fetch_core][Thread-43] 26.00% SNPs processed.
[I::csp_fetch_core][Thread-27] 70.00% SNPs processed.
[I::csp_fetch_core][Thread-19] 90.00% SNPs processed.
[I::csp_fetch_core][Thread-38] 64.00% SNPs processed.
[I::csp_fetch_core][Thread-33] 80.00% SNPs processed.
[I::csp_fetch_core][Thread-5] 86.00% SNPs processed.
[I::csp_fetch_core][Thread-22] 86.00% SNPs processed.
[I::csp_fetch_core][Thread-8] 88.00% SNPs processed.
[I::csp_fetch_core][Thread-4] 84.00% SNPs processed.
[I::csp_fetch_core][Thread-33] 82.00% SNPs processed.
[I::csp_fetch_core][Thread-3] 98.00% SNPs processed.
[I::csp_fetch_core][Thread-34] 92.00% SNPs processed.
[I::csp_fetch_core][Thread-41] 82.00% SNPs processed.
[I::csp_fetch_core][Thread-44] 54.00% SNPs processed.
[I::csp_fetch_core][Thread-28] 78.00% SNPs processed.
[I::csp_fetch_core][Thread-8] 90.00% SNPs processed.
[I::csp_fetch_core][Thread-20] 66.00% SNPs processed.
[I::csp_fetch_core][Thread-6] 92.00% SNPs processed.
[I::csp_fetch_core][Thread-21] 84.00% SNPs processed.
[I::csp_fetch_core][Thread-1] 92.00% SNPs processed.
[I::csp_fetch_core][Thread-16] 82.00% SNPs processed.
[I::csp_fetch_core][Thread-8] 92.00% SNPs processed.
[I::csp_fetch_core][Thread-9] 90.00% SNPs processed.
[I::csp_fetch_core][Thread-22] 88.00% SNPs processed.
[I::csp_fetch_core][Thread-27] 72.00% SNPs processed.
[I::csp_fetch_core][Thread-24] 88.00% SNPs processed.
[I::csp_fetch_core][Thread-8] 94.00% SNPs processed.
[I::csp_fetch_core][Thread-25] 94.00% SNPs processed.
[I::csp_fetch_core][Thread-42] 66.00% SNPs processed.
[I::csp_fetch_core][Thread-33] 84.00% SNPs processed.
[I::csp_fetch_core][Thread-34] 94.00% SNPs processed.
[I::csp_fetch_core][Thread-2] 20.00% SNPs processed.
[I::csp_fetch_core][Thread-5] 88.00% SNPs processed.
[I::csp_fetch_core][Thread-16] 84.00% SNPs processed.
[I::csp_fetch_core][Thread-0] 48.00% SNPs processed.
[I::csp_fetch_core][Thread-19] 92.00% SNPs processed.
[I::csp_fetch_core][Thread-41] 84.00% SNPs processed.
[I::csp_fetch_core][Thread-8] 96.00% SNPs processed.
[I::csp_fetch_core][Thread-22] 90.00% SNPs processed.
[I::csp_fetch_core][Thread-25] 96.00% SNPs processed.
[I::csp_fetch_core][Thread-7] 82.00% SNPs processed.
[I::csp_fetch_core][Thread-20] 68.00% SNPs processed.
[I::csp_fetch_core][Thread-8] 98.00% SNPs processed.
[I::csp_fetch_core][Thread-38] 66.00% SNPs processed.
[I::csp_fetch_core][Thread-34] 96.00% SNPs processed.
[I::csp_fetch_core][Thread-32] 64.00% SNPs processed.
[I::csp_fetch_core][Thread-45] 56.00% SNPs processed.
[I::csp_fetch_core][Thread-25] 98.00% SNPs processed.
[I::csp_fetch_core][Thread-1] 94.00% SNPs processed.
[I::csp_fetch_core][Thread-2] 22.00% SNPs processed.
[I::csp_fetch_core][Thread-20] 70.00% SNPs processed.
[I::csp_fetch_core][Thread-33] 86.00% SNPs processed.
[I::csp_fetch_core][Thread-44] 56.00% SNPs processed.
[I::csp_fetch_core][Thread-5] 90.00% SNPs processed.
[I::csp_fetch_core][Thread-28] 80.00% SNPs processed.
[I::csp_fetch_core][Thread-27] 74.00% SNPs processed.
[I::csp_fetch_core][Thread-2] 24.00% SNPs processed.
[I::csp_fetch_core][Thread-9] 92.00% SNPs processed.
[I::csp_fetch_core][Thread-41] 86.00% SNPs processed.
[I::csp_fetch_core][Thread-21] 86.00% SNPs processed.
[I::csp_fetch_core][Thread-36] 70.00% SNPs processed.
[I::csp_fetch_core][Thread-34] 98.00% SNPs processed.
[I::csp_fetch_core][Thread-20] 72.00% SNPs processed.
[I::csp_fetch_core][Thread-24] 90.00% SNPs processed.
[I::csp_fetch_core][Thread-5] 92.00% SNPs processed.
[I::csp_fetch_core][Thread-6] 94.00% SNPs processed.
[I::csp_fetch_core][Thread-10] 82.00% SNPs processed.
[I::csp_fetch_core][Thread-4] 86.00% SNPs processed.
[I::csp_fetch_core][Thread-44] 58.00% SNPs processed.
[I::csp_fetch_core][Thread-40] 56.00% SNPs processed.
[I::csp_fetch_core][Thread-9] 94.00% SNPs processed.
[I::csp_fetch_core][Thread-19] 94.00% SNPs processed.
[I::csp_fetch_core][Thread-5] 94.00% SNPs processed.
[I::csp_fetch_core][Thread-33] 88.00% SNPs processed.
[I::csp_fetch_core][Thread-1] 96.00% SNPs processed.
[I::csp_fetch_core][Thread-2] 26.00% SNPs processed.
[I::csp_fetch_core][Thread-5] 96.00% SNPs processed.
[I::csp_fetch_core][Thread-33] 90.00% SNPs processed.
[I::csp_fetch_core][Thread-38] 68.00% SNPs processed.
[I::csp_fetch_core][Thread-27] 76.00% SNPs processed.
[I::csp_fetch_core][Thread-6] 96.00% SNPs processed.
[I::csp_fetch_core][Thread-24] 92.00% SNPs processed.
[I::csp_fetch_core][Thread-5] 98.00% SNPs processed.
[I::csp_fetch_core][Thread-7] 84.00% SNPs processed.
[I::csp_fetch_core][Thread-44] 60.00% SNPs processed.
[I::csp_fetch_core][Thread-6] 98.00% SNPs processed.
[I::csp_fetch_core][Thread-28] 82.00% SNPs processed.
[I::csp_fetch_core][Thread-38] 70.00% SNPs processed.
[I::csp_fetch_core][Thread-20] 74.00% SNPs processed.
[I::csp_fetch_core][Thread-21] 88.00% SNPs processed.
[I::csp_fetch_core][Thread-44] 62.00% SNPs processed.
[I::csp_fetch_core][Thread-36] 72.00% SNPs processed.
[I::csp_fetch_core][Thread-22] 92.00% SNPs processed.
[I::csp_fetch_core][Thread-21] 90.00% SNPs processed.
[I::csp_fetch_core][Thread-27] 78.00% SNPs processed.
[I::csp_fetch_core][Thread-44] 64.00% SNPs processed.
[I::csp_fetch_core][Thread-21] 92.00% SNPs processed.
[I::csp_fetch_core][Thread-39] 84.00% SNPs processed.
[I::csp_fetch_core][Thread-24] 94.00% SNPs processed.
[I::csp_fetch_core][Thread-33] 92.00% SNPs processed.
[I::csp_fetch_core][Thread-28] 84.00% SNPs processed.
[I::csp_fetch_core][Thread-7] 86.00% SNPs processed.
[I::csp_fetch_core][Thread-16] 86.00% SNPs processed.
[I::csp_fetch_core][Thread-36] 74.00% SNPs processed.
[I::csp_fetch_core][Thread-42] 68.00% SNPs processed.
[I::csp_fetch_core][Thread-21] 94.00% SNPs processed.
[I::csp_fetch_core][Thread-2] 28.00% SNPs processed.
[I::csp_fetch_core][Thread-0] 50.00% SNPs processed.
[I::csp_fetch_core][Thread-22] 94.00% SNPs processed.
[I::csp_fetch_core][Thread-44] 66.00% SNPs processed.
[I::csp_fetch_core][Thread-9] 96.00% SNPs processed.
[I::csp_fetch_core][Thread-24] 96.00% SNPs processed.
[I::csp_fetch_core][Thread-40] 58.00% SNPs processed.
[I::csp_fetch_core][Thread-30] 54.00% SNPs processed.
[I::csp_fetch_core][Thread-9] 98.00% SNPs processed.
[I::csp_fetch_core][Thread-21] 96.00% SNPs processed.
[I::csp_fetch_core][Thread-4] 88.00% SNPs processed.
[I::csp_fetch_core][Thread-44] 68.00% SNPs processed.
[I::csp_fetch_core][Thread-19] 96.00% SNPs processed.
[I::csp_fetch_core][Thread-32] 66.00% SNPs processed.
[I::csp_fetch_core][Thread-21] 98.00% SNPs processed.
[I::csp_fetch_core][Thread-24] 98.00% SNPs processed.
[I::csp_fetch_core][Thread-41] 88.00% SNPs processed.
[I::csp_fetch_core][Thread-31] 84.00% SNPs processed.
[I::csp_fetch_core][Thread-44] 70.00% SNPs processed.
[I::csp_fetch_core][Thread-39] 86.00% SNPs processed.
[I::csp_fetch_core][Thread-32] 68.00% SNPs processed.
[I::csp_fetch_core][Thread-1] 98.00% SNPs processed.
[I::csp_fetch_core][Thread-44] 72.00% SNPs processed.
[I::csp_fetch_core][Thread-22] 96.00% SNPs processed.
[I::csp_fetch_core][Thread-38] 72.00% SNPs processed.
[I::csp_fetch_core][Thread-27] 80.00% SNPs processed.
[I::csp_fetch_core][Thread-28] 86.00% SNPs processed.
[I::csp_fetch_core][Thread-22] 98.00% SNPs processed.
[I::csp_fetch_core][Thread-10] 84.00% SNPs processed.
[I::csp_fetch_core][Thread-27] 82.00% SNPs processed.
[I::csp_fetch_core][Thread-32] 70.00% SNPs processed.
[I::csp_fetch_core][Thread-41] 90.00% SNPs processed.
[I::csp_fetch_core][Thread-33] 94.00% SNPs processed.
[I::csp_fetch_core][Thread-4] 90.00% SNPs processed.
[I::csp_fetch_core][Thread-32] 72.00% SNPs processed.
[I::csp_fetch_core][Thread-41] 92.00% SNPs processed.
[I::csp_fetch_core][Thread-19] 98.00% SNPs processed.
[I::csp_fetch_core][Thread-33] 96.00% SNPs processed.
[I::csp_fetch_core][Thread-41] 94.00% SNPs processed.
[I::csp_fetch_core][Thread-38] 74.00% SNPs processed.
[I::csp_fetch_core][Thread-26] 96.00% SNPs processed.
[I::csp_fetch_core][Thread-33] 98.00% SNPs processed.
[I::csp_fetch_core][Thread-7] 88.00% SNPs processed.
[I::csp_fetch_core][Thread-44] 74.00% SNPs processed.
[I::csp_fetch_core][Thread-36] 76.00% SNPs processed.
[I::csp_fetch_core][Thread-45] 58.00% SNPs processed.
[I::csp_fetch_core][Thread-16] 88.00% SNPs processed.
[I::csp_fetch_core][Thread-41] 96.00% SNPs processed.
[I::csp_fetch_core][Thread-16] 90.00% SNPs processed.
[I::csp_fetch_core][Thread-4] 92.00% SNPs processed.
[I::csp_fetch_core][Thread-31] 86.00% SNPs processed.
[I::csp_fetch_core][Thread-40] 60.00% SNPs processed.
[I::csp_fetch_core][Thread-36] 78.00% SNPs processed.
[I::csp_fetch_core][Thread-41] 98.00% SNPs processed.
[I::csp_fetch_core][Thread-27] 84.00% SNPs processed.
[I::csp_fetch_core][Thread-40] 62.00% SNPs processed.
[I::csp_fetch_core][Thread-28] 88.00% SNPs processed.
[I::csp_fetch_core][Thread-2] 30.00% SNPs processed.
[I::csp_fetch_core][Thread-40] 64.00% SNPs processed.
[I::csp_fetch_core][Thread-32] 74.00% SNPs processed.
[I::csp_fetch_core][Thread-0] 52.00% SNPs processed.
[I::csp_fetch_core][Thread-27] 86.00% SNPs processed.
[I::csp_fetch_core][Thread-44] 76.00% SNPs processed.
[I::csp_fetch_core][Thread-0] 54.00% SNPs processed.
[I::csp_fetch_core][Thread-40] 66.00% SNPs processed.
[I::csp_fetch_core][Thread-10] 86.00% SNPs processed.
[I::csp_fetch_core][Thread-16] 92.00% SNPs processed.
[I::csp_fetch_core][Thread-44] 78.00% SNPs processed.
[I::csp_fetch_core][Thread-27] 88.00% SNPs processed.
[I::csp_fetch_core][Thread-36] 80.00% SNPs processed.
[I::csp_fetch_core][Thread-32] 76.00% SNPs processed.
[I::csp_fetch_core][Thread-40] 68.00% SNPs processed.
[I::csp_fetch_core][Thread-20] 76.00% SNPs processed.
[I::csp_fetch_core][Thread-42] 70.00% SNPs processed.
[I::csp_fetch_core][Thread-39] 88.00% SNPs processed.
[I::csp_fetch_core][Thread-36] 82.00% SNPs processed.
[I::csp_fetch_core][Thread-7] 90.00% SNPs processed.
[I::csp_fetch_core][Thread-27] 90.00% SNPs processed.
[I::csp_fetch_core][Thread-10] 88.00% SNPs processed.
[I::csp_fetch_core][Thread-4] 94.00% SNPs processed.
[I::csp_fetch_core][Thread-20] 78.00% SNPs processed.
[I::csp_fetch_core][Thread-27] 92.00% SNPs processed.
[I::csp_fetch_core][Thread-40] 70.00% SNPs processed.
[I::csp_fetch_core][Thread-36] 84.00% SNPs processed.
[I::csp_fetch_core][Thread-32] 78.00% SNPs processed.
[I::csp_fetch_core][Thread-20] 80.00% SNPs processed.
[I::csp_fetch_core][Thread-26] 98.00% SNPs processed.
[I::csp_fetch_core][Thread-42] 72.00% SNPs processed.
[I::csp_fetch_core][Thread-7] 92.00% SNPs processed.
[I::csp_fetch_core][Thread-2] 32.00% SNPs processed.
[I::csp_fetch_core][Thread-43] 28.00% SNPs processed.
[I::csp_fetch_core][Thread-20] 82.00% SNPs processed.
[I::csp_fetch_core][Thread-44] 80.00% SNPs processed.
[I::csp_fetch_core][Thread-16] 94.00% SNPs processed.
[I::csp_fetch_core][Thread-7] 94.00% SNPs processed.
[I::csp_fetch_core][Thread-20] 84.00% SNPs processed.
[I::csp_fetch_core][Thread-10] 90.00% SNPs processed.
[I::csp_fetch_core][Thread-0] 56.00% SNPs processed.
[I::csp_fetch_core][Thread-7] 96.00% SNPs processed.
[I::csp_fetch_core][Thread-40] 72.00% SNPs processed.
[I::csp_fetch_core][Thread-30] 56.00% SNPs processed.
[I::csp_fetch_core][Thread-44] 82.00% SNPs processed.
[I::csp_fetch_core][Thread-10] 92.00% SNPs processed.
[I::csp_fetch_core][Thread-20] 86.00% SNPs processed.
[I::csp_fetch_core][Thread-16] 96.00% SNPs processed.
[I::csp_fetch_core][Thread-7] 98.00% SNPs processed.
[I::csp_fetch_core][Thread-31] 88.00% SNPs processed.
[I::csp_fetch_core][Thread-39] 90.00% SNPs processed.
[I::csp_fetch_core][Thread-20] 88.00% SNPs processed.
[I::csp_fetch_core][Thread-28] 90.00% SNPs processed.
[I::csp_fetch_core][Thread-20] 90.00% SNPs processed.
[I::csp_fetch_core][Thread-10] 94.00% SNPs processed.
[I::csp_fetch_core][Thread-4] 96.00% SNPs processed.
[I::csp_fetch_core][Thread-45] 60.00% SNPs processed.
[I::csp_fetch_core][Thread-38] 76.00% SNPs processed.
[I::csp_fetch_core][Thread-44] 84.00% SNPs processed.
[I::csp_fetch_core][Thread-32] 80.00% SNPs processed.
[I::csp_fetch_core][Thread-27] 94.00% SNPs processed.
[I::csp_fetch_core][Thread-20] 92.00% SNPs processed.
[I::csp_fetch_core][Thread-2] 34.00% SNPs processed.
[I::csp_fetch_core][Thread-4] 98.00% SNPs processed.
[I::csp_fetch_core][Thread-28] 92.00% SNPs processed.
[I::csp_fetch_core][Thread-39] 92.00% SNPs processed.
[I::csp_fetch_core][Thread-42] 74.00% SNPs processed.
[I::csp_fetch_core][Thread-28] 94.00% SNPs processed.
[I::csp_fetch_core][Thread-20] 94.00% SNPs processed.
[I::csp_fetch_core][Thread-36] 86.00% SNPs processed.
[I::csp_fetch_core][Thread-38] 78.00% SNPs processed.
[I::csp_fetch_core][Thread-30] 58.00% SNPs processed.
[I::csp_fetch_core][Thread-45] 62.00% SNPs processed.
[I::csp_fetch_core][Thread-32] 82.00% SNPs processed.
[I::csp_fetch_core][Thread-27] 96.00% SNPs processed.
[I::csp_fetch_core][Thread-44] 86.00% SNPs processed.
[I::csp_fetch_core][Thread-28] 96.00% SNPs processed.
[I::csp_fetch_core][Thread-30] 60.00% SNPs processed.
[I::csp_fetch_core][Thread-28] 98.00% SNPs processed.
[I::csp_fetch_core][Thread-36] 88.00% SNPs processed.
[I::csp_fetch_core][Thread-40] 74.00% SNPs processed.
[I::csp_fetch_core][Thread-2] 36.00% SNPs processed.
[I::csp_fetch_core][Thread-10] 96.00% SNPs processed.
[I::csp_fetch_core][Thread-30] 62.00% SNPs processed.
[I::csp_fetch_core][Thread-10] 98.00% SNPs processed.
[I::csp_fetch_core][Thread-45] 64.00% SNPs processed.
[I::csp_fetch_core][Thread-40] 76.00% SNPs processed.
[I::csp_fetch_core][Thread-20] 96.00% SNPs processed.
[I::csp_fetch_core][Thread-43] 30.00% SNPs processed.
[I::csp_fetch_core][Thread-2] 38.00% SNPs processed.
[I::csp_fetch_core][Thread-20] 98.00% SNPs processed.
[I::csp_fetch_core][Thread-27] 98.00% SNPs processed.
[I::csp_fetch_core][Thread-16] 98.00% SNPs processed.
[I::csp_fetch_core][Thread-30] 64.00% SNPs processed.
[I::csp_fetch_core][Thread-39] 94.00% SNPs processed.
[I::csp_fetch_core][Thread-29] 56.00% SNPs processed.
[I::csp_fetch_core][Thread-45] 66.00% SNPs processed.
[I::csp_fetch_core][Thread-0] 58.00% SNPs processed.
[I::csp_fetch_core][Thread-38] 80.00% SNPs processed.
[I::csp_fetch_core][Thread-40] 78.00% SNPs processed.
[I::csp_fetch_core][Thread-36] 90.00% SNPs processed.
[I::csp_fetch_core][Thread-0] 60.00% SNPs processed.
[I::csp_fetch_core][Thread-39] 96.00% SNPs processed.
[I::csp_fetch_core][Thread-30] 66.00% SNPs processed.
[I::csp_fetch_core][Thread-44] 88.00% SNPs processed.
[I::csp_fetch_core][Thread-45] 68.00% SNPs processed.
[I::csp_fetch_core][Thread-45] 70.00% SNPs processed.
[I::csp_fetch_core][Thread-2] 40.00% SNPs processed.
[I::csp_fetch_core][Thread-45] 72.00% SNPs processed.
[I::csp_fetch_core][Thread-43] 32.00% SNPs processed.
[I::csp_fetch_core][Thread-29] 58.00% SNPs processed.
[I::csp_fetch_core][Thread-0] 62.00% SNPs processed.
[I::csp_fetch_core][Thread-45] 74.00% SNPs processed.
[I::csp_fetch_core][Thread-2] 42.00% SNPs processed.
[I::csp_fetch_core][Thread-36] 92.00% SNPs processed.
[I::csp_fetch_core][Thread-29] 60.00% SNPs processed.
[I::csp_fetch_core][Thread-2] 44.00% SNPs processed.
[I::csp_fetch_core][Thread-36] 94.00% SNPs processed.
[I::csp_fetch_core][Thread-2] 46.00% SNPs processed.
[I::csp_fetch_core][Thread-38] 82.00% SNPs processed.
[I::csp_fetch_core][Thread-42] 76.00% SNPs processed.
[I::csp_fetch_core][Thread-43] 34.00% SNPs processed.
[I::csp_fetch_core][Thread-30] 68.00% SNPs processed.
[I::csp_fetch_core][Thread-44] 90.00% SNPs processed.
[I::csp_fetch_core][Thread-45] 76.00% SNPs processed.
[I::csp_fetch_core][Thread-40] 80.00% SNPs processed.
[I::csp_fetch_core][Thread-45] 78.00% SNPs processed.
[I::csp_fetch_core][Thread-40] 82.00% SNPs processed.
[I::csp_fetch_core][Thread-2] 48.00% SNPs processed.
[I::csp_fetch_core][Thread-44] 92.00% SNPs processed.
[I::csp_fetch_core][Thread-36] 96.00% SNPs processed.
[I::csp_fetch_core][Thread-0] 64.00% SNPs processed.
[I::csp_fetch_core][Thread-38] 84.00% SNPs processed.
[I::csp_fetch_core][Thread-32] 84.00% SNPs processed.
[I::csp_fetch_core][Thread-2] 50.00% SNPs processed.
[I::csp_fetch_core][Thread-0] 66.00% SNPs processed.
[I::csp_fetch_core][Thread-44] 94.00% SNPs processed.
[I::csp_fetch_core][Thread-29] 62.00% SNPs processed.
[I::csp_fetch_core][Thread-44] 96.00% SNPs processed.
[I::csp_fetch_core][Thread-38] 86.00% SNPs processed.
[I::csp_fetch_core][Thread-2] 52.00% SNPs processed.
[I::csp_fetch_core][Thread-40] 84.00% SNPs processed.
[I::csp_fetch_core][Thread-38] 88.00% SNPs processed.
[I::csp_fetch_core][Thread-32] 86.00% SNPs processed.
[I::csp_fetch_core][Thread-39] 98.00% SNPs processed.
[I::csp_fetch_core][Thread-44] 98.00% SNPs processed.
[I::csp_fetch_core][Thread-45] 80.00% SNPs processed.
[I::csp_fetch_core][Thread-0] 68.00% SNPs processed.
[I::csp_fetch_core][Thread-31] 90.00% SNPs processed.
[I::csp_fetch_core][Thread-32] 88.00% SNPs processed.
[I::csp_fetch_core][Thread-36] 98.00% SNPs processed.
[I::csp_fetch_core][Thread-32] 90.00% SNPs processed.
[I::csp_fetch_core][Thread-32] 92.00% SNPs processed.
[I::csp_fetch_core][Thread-38] 90.00% SNPs processed.
[I::csp_fetch_core][Thread-29] 64.00% SNPs processed.
[I::csp_fetch_core][Thread-43] 36.00% SNPs processed.
[I::csp_fetch_core][Thread-31] 92.00% SNPs processed.
[I::csp_fetch_core][Thread-2] 54.00% SNPs processed.
[I::csp_fetch_core][Thread-32] 94.00% SNPs processed.
[I::csp_fetch_core][Thread-40] 86.00% SNPs processed.
[I::csp_fetch_core][Thread-42] 78.00% SNPs processed.
[I::csp_fetch_core][Thread-29] 66.00% SNPs processed.
[I::csp_fetch_core][Thread-40] 88.00% SNPs processed.
[I::csp_fetch_core][Thread-30] 70.00% SNPs processed.
[I::csp_fetch_core][Thread-40] 90.00% SNPs processed.
[I::csp_fetch_core][Thread-31] 94.00% SNPs processed.
[I::csp_fetch_core][Thread-40] 92.00% SNPs processed.
[I::csp_fetch_core][Thread-0] 70.00% SNPs processed.
[I::csp_fetch_core][Thread-29] 68.00% SNPs processed.
[I::csp_fetch_core][Thread-2] 56.00% SNPs processed.
[I::csp_fetch_core][Thread-30] 72.00% SNPs processed.
[I::csp_fetch_core][Thread-32] 96.00% SNPs processed.
[I::csp_fetch_core][Thread-31] 96.00% SNPs processed.
[I::csp_fetch_core][Thread-0] 72.00% SNPs processed.
[I::csp_fetch_core][Thread-29] 70.00% SNPs processed.
[I::csp_fetch_core][Thread-32] 98.00% SNPs processed.
[I::csp_fetch_core][Thread-2] 58.00% SNPs processed.
[I::csp_fetch_core][Thread-40] 94.00% SNPs processed.
[I::csp_fetch_core][Thread-2] 60.00% SNPs processed.
[I::csp_fetch_core][Thread-38] 92.00% SNPs processed.
[I::csp_fetch_core][Thread-2] 62.00% SNPs processed.
[I::csp_fetch_core][Thread-2] 64.00% SNPs processed.
[I::csp_fetch_core][Thread-2] 66.00% SNPs processed.
[I::csp_fetch_core][Thread-42] 80.00% SNPs processed.
[I::csp_fetch_core][Thread-2] 68.00% SNPs processed.
[I::csp_fetch_core][Thread-0] 74.00% SNPs processed.
[I::csp_fetch_core][Thread-29] 72.00% SNPs processed.
[I::csp_fetch_core][Thread-45] 82.00% SNPs processed.
[I::csp_fetch_core][Thread-30] 74.00% SNPs processed.
[I::csp_fetch_core][Thread-29] 74.00% SNPs processed.
[I::csp_fetch_core][Thread-30] 76.00% SNPs processed.
[I::csp_fetch_core][Thread-40] 96.00% SNPs processed.
[I::csp_fetch_core][Thread-30] 78.00% SNPs processed.
[I::csp_fetch_core][Thread-45] 84.00% SNPs processed.
[I::csp_fetch_core][Thread-30] 80.00% SNPs processed.
[I::csp_fetch_core][Thread-45] 86.00% SNPs processed.
[I::csp_fetch_core][Thread-2] 70.00% SNPs processed.
[I::csp_fetch_core][Thread-0] 76.00% SNPs processed.
[I::csp_fetch_core][Thread-45] 88.00% SNPs processed.
[I::csp_fetch_core][Thread-2] 72.00% SNPs processed.
[I::csp_fetch_core][Thread-2] 74.00% SNPs processed.
[I::csp_fetch_core][Thread-45] 90.00% SNPs processed.
[I::csp_fetch_core][Thread-30] 82.00% SNPs processed.
[I::csp_fetch_core][Thread-45] 92.00% SNPs processed.
[I::csp_fetch_core][Thread-42] 82.00% SNPs processed.
[I::csp_fetch_core][Thread-45] 94.00% SNPs processed.
[I::csp_fetch_core][Thread-2] 76.00% SNPs processed.
[I::csp_fetch_core][Thread-30] 84.00% SNPs processed.
[I::csp_fetch_core][Thread-30] 86.00% SNPs processed.
[I::csp_fetch_core][Thread-45] 96.00% SNPs processed.
[I::csp_fetch_core][Thread-2] 78.00% SNPs processed.
[I::csp_fetch_core][Thread-42] 84.00% SNPs processed.
[I::csp_fetch_core][Thread-43] 38.00% SNPs processed.
[I::csp_fetch_core][Thread-40] 98.00% SNPs processed.
[I::csp_fetch_core][Thread-30] 88.00% SNPs processed.
[I::csp_fetch_core][Thread-42] 86.00% SNPs processed.
[I::csp_fetch_core][Thread-29] 76.00% SNPs processed.
[I::csp_fetch_core][Thread-30] 90.00% SNPs processed.
[I::csp_fetch_core][Thread-31] 98.00% SNPs processed.
[I::csp_fetch_core][Thread-30] 92.00% SNPs processed.
[I::csp_fetch_core][Thread-42] 88.00% SNPs processed.
[I::csp_fetch_core][Thread-30] 94.00% SNPs processed.
[I::csp_fetch_core][Thread-42] 90.00% SNPs processed.
[I::csp_fetch_core][Thread-30] 96.00% SNPs processed.
[I::csp_fetch_core][Thread-42] 92.00% SNPs processed.
[I::csp_fetch_core][Thread-30] 98.00% SNPs processed.
[I::csp_fetch_core][Thread-17] 58.00% SNPs processed.
[I::csp_fetch_core][Thread-29] 78.00% SNPs processed.
[I::csp_fetch_core][Thread-42] 94.00% SNPs processed.
[I::csp_fetch_core][Thread-43] 40.00% SNPs processed.
[I::csp_fetch_core][Thread-29] 80.00% SNPs processed.
[I::csp_fetch_core][Thread-42] 96.00% SNPs processed.
[I::csp_fetch_core][Thread-29] 82.00% SNPs processed.
[I::csp_fetch_core][Thread-42] 98.00% SNPs processed.
[I::csp_fetch_core][Thread-0] 78.00% SNPs processed.
[I::csp_fetch_core][Thread-29] 84.00% SNPs processed.
[I::csp_fetch_core][Thread-2] 80.00% SNPs processed.
[I::csp_fetch_core][Thread-29] 86.00% SNPs processed.
[I::csp_fetch_core][Thread-29] 88.00% SNPs processed.
[I::csp_fetch_core][Thread-2] 82.00% SNPs processed.
[I::csp_fetch_core][Thread-29] 90.00% SNPs processed.
[I::csp_fetch_core][Thread-0] 80.00% SNPs processed.
[I::csp_fetch_core][Thread-29] 92.00% SNPs processed.
[I::csp_fetch_core][Thread-0] 82.00% SNPs processed.
[I::csp_fetch_core][Thread-29] 94.00% SNPs processed.
[I::csp_fetch_core][Thread-0] 84.00% SNPs processed.
[I::csp_fetch_core][Thread-29] 96.00% SNPs processed.
[I::csp_fetch_core][Thread-29] 98.00% SNPs processed.
[I::csp_fetch_core][Thread-2] 84.00% SNPs processed.
[I::csp_fetch_core][Thread-38] 94.00% SNPs processed.
[I::csp_fetch_core][Thread-38] 96.00% SNPs processed.
[I::csp_fetch_core][Thread-38] 98.00% SNPs processed.
[I::csp_fetch_core][Thread-0] 86.00% SNPs processed.
[I::csp_fetch_core][Thread-2] 86.00% SNPs processed.
[I::csp_fetch_core][Thread-43] 42.00% SNPs processed.
[I::csp_fetch_core][Thread-2] 88.00% SNPs processed.
[I::csp_fetch_core][Thread-43] 44.00% SNPs processed.
[I::csp_fetch_core][Thread-0] 88.00% SNPs processed.
[I::csp_fetch_core][Thread-2] 90.00% SNPs processed.
[I::csp_fetch_core][Thread-45] 98.00% SNPs processed.
[I::csp_fetch_core][Thread-43] 46.00% SNPs processed.
[I::csp_fetch_core][Thread-0] 90.00% SNPs processed.
[I::csp_fetch_core][Thread-2] 92.00% SNPs processed.
[I::csp_fetch_core][Thread-0] 92.00% SNPs processed.
[I::csp_fetch_core][Thread-2] 94.00% SNPs processed.
[I::csp_fetch_core][Thread-0] 94.00% SNPs processed.
[I::csp_fetch_core][Thread-0] 96.00% SNPs processed.
[I::csp_fetch_core][Thread-2] 96.00% SNPs processed.
[I::csp_fetch_core][Thread-2] 98.00% SNPs processed.
[I::csp_fetch_core][Thread-37] 38.00% SNPs processed.
[I::csp_fetch_core][Thread-37] 40.00% SNPs processed.
[I::csp_fetch_core][Thread-0] 98.00% SNPs processed.
[I::csp_fetch_core][Thread-37] 42.00% SNPs processed.
[I::csp_fetch_core][Thread-43] 48.00% SNPs processed.
[I::csp_fetch_core][Thread-37] 44.00% SNPs processed.
[I::csp_fetch_core][Thread-43] 50.00% SNPs processed.
[I::csp_fetch_core][Thread-37] 46.00% SNPs processed.
[I::csp_fetch_core][Thread-43] 52.00% SNPs processed.
[I::csp_fetch_core][Thread-17] 60.00% SNPs processed.
[I::csp_fetch_core][Thread-37] 48.00% SNPs processed.
[I::csp_fetch_core][Thread-43] 54.00% SNPs processed.
[I::csp_fetch_core][Thread-37] 50.00% SNPs processed.
[I::csp_fetch_core][Thread-37] 52.00% SNPs processed.
[I::csp_fetch_core][Thread-43] 56.00% SNPs processed.
[I::csp_fetch_core][Thread-37] 54.00% SNPs processed.
[I::csp_fetch_core][Thread-37] 56.00% SNPs processed.
[I::csp_fetch_core][Thread-43] 58.00% SNPs processed.
[I::csp_fetch_core][Thread-43] 60.00% SNPs processed.
[I::csp_fetch_core][Thread-37] 58.00% SNPs processed.
[I::csp_fetch_core][Thread-43] 62.00% SNPs processed.
[I::csp_fetch_core][Thread-43] 64.00% SNPs processed.
[I::csp_fetch_core][Thread-37] 60.00% SNPs processed.
[I::csp_fetch_core][Thread-43] 66.00% SNPs processed.
[I::csp_fetch_core][Thread-43] 68.00% SNPs processed.
[I::csp_fetch_core][Thread-43] 70.00% SNPs processed.
[I::csp_fetch_core][Thread-43] 72.00% SNPs processed.
[I::csp_fetch_core][Thread-43] 74.00% SNPs processed.
[I::csp_fetch_core][Thread-43] 76.00% SNPs processed.
[I::csp_fetch_core][Thread-37] 62.00% SNPs processed.
[I::csp_fetch_core][Thread-43] 78.00% SNPs processed.
[I::csp_fetch_core][Thread-43] 80.00% SNPs processed.
[I::csp_fetch_core][Thread-43] 82.00% SNPs processed.
[I::csp_fetch_core][Thread-37] 64.00% SNPs processed.
[I::csp_fetch_core][Thread-37] 66.00% SNPs processed.
[I::csp_fetch_core][Thread-43] 84.00% SNPs processed.
[I::csp_fetch_core][Thread-43] 86.00% SNPs processed.
[I::csp_fetch_core][Thread-37] 68.00% SNPs processed.
[I::csp_fetch_core][Thread-43] 88.00% SNPs processed.
[I::csp_fetch_core][Thread-43] 90.00% SNPs processed.
[I::csp_fetch_core][Thread-37] 70.00% SNPs processed.
[I::csp_fetch_core][Thread-43] 92.00% SNPs processed.
[I::csp_fetch_core][Thread-37] 72.00% SNPs processed.
[I::csp_fetch_core][Thread-43] 94.00% SNPs processed.
[I::csp_fetch_core][Thread-43] 96.00% SNPs processed.
[I::csp_fetch_core][Thread-37] 74.00% SNPs processed.
[I::csp_fetch_core][Thread-37] 76.00% SNPs processed.
[I::csp_fetch_core][Thread-43] 98.00% SNPs processed.
[I::csp_fetch_core][Thread-37] 78.00% SNPs processed.
[I::csp_fetch_core][Thread-17] 62.00% SNPs processed.
[I::csp_fetch_core][Thread-37] 80.00% SNPs processed.
[I::csp_fetch_core][Thread-37] 82.00% SNPs processed.
[I::csp_fetch_core][Thread-37] 84.00% SNPs processed.
[I::csp_fetch_core][Thread-37] 86.00% SNPs processed.
[I::csp_fetch_core][Thread-37] 88.00% SNPs processed.
[I::csp_fetch_core][Thread-37] 90.00% SNPs processed.
[I::csp_fetch_core][Thread-37] 92.00% SNPs processed.
[I::csp_fetch_core][Thread-37] 94.00% SNPs processed.
[I::csp_fetch_core][Thread-37] 96.00% SNPs processed.
[I::csp_fetch_core][Thread-37] 98.00% SNPs processed.
[I::csp_fetch_core][Thread-17] 64.00% SNPs processed.
[I::csp_fetch_core][Thread-17] 66.00% SNPs processed.
[I::csp_fetch_core][Thread-17] 68.00% SNPs processed.
[I::csp_fetch_core][Thread-17] 70.00% SNPs processed.
[I::csp_fetch_core][Thread-17] 72.00% SNPs processed.
[I::csp_fetch_core][Thread-17] 74.00% SNPs processed.
[I::csp_fetch_core][Thread-17] 76.00% SNPs processed.
[I::csp_fetch_core][Thread-17] 78.00% SNPs processed.
[I::csp_fetch_core][Thread-17] 80.00% SNPs processed.
[I::csp_fetch_core][Thread-17] 82.00% SNPs processed.
[I::csp_fetch_core][Thread-17] 84.00% SNPs processed.
[I::csp_fetch_core][Thread-17] 86.00% SNPs processed.
[I::csp_fetch_core][Thread-17] 88.00% SNPs processed.
[I::csp_fetch_core][Thread-17] 90.00% SNPs processed.
[I::csp_fetch_core][Thread-17] 92.00% SNPs processed.
[I::csp_fetch_core][Thread-17] 94.00% SNPs processed.
[I::csp_fetch_core][Thread-17] 96.00% SNPs processed.
[I::csp_fetch_core][Thread-17] 98.00% SNPs processed.
[I::main] All Done!
[I::main] end time: 2023-06-28 12:39:00
[I::main] time spent: 5432 seconds.
